id,fee_name,amount
l0EyisrLaOIg,Registration Fees,59629
Au17uqwafrLd,Registration Fees,41385
kZfE5lrhX1Zk,Registration Fees,484494
w5xVyJCjvy7Z,School Fees,369926
aGUlnimFzelX,Registration Fees,385784
3XnTLeBgm9Ya,School Fees,228090
Zlo4lWQROEy8,Registration Fees,468711
6bMkkqMGUz8m,Registration Fees,91433
D6jaAJ2GRi8Y,Others,78830
gL0jvvYrPf1Z,School Fees,459442
ES5Bxn6BOhoa,Others,93837
tVp6Bidud4LJ,Registration Fees,485722
Invr7Zv99hjG,Others,221482
dIhuvcWPH4sz,Registration Fees,415877
EjCbymBVW0uB,Others,371645
l6Pv6mu7lbDO,School Fees,480277
5weFpH98iQDc,Others,303293
vuHTk2ePqEH2,School Fees,299110
oDwUEYYw1KXt,Others,339448
ZyjQimxYojkV,School Fees,285194
2FS11AWMZG1L,Registration Fees,340711
xMwHKuIJHiFP,School Fees,329873
vR1uixDSXxRa,Registration Fees,415438
nZwjocw93kpL,School Fees,116670
GA2j37TzjcVi,School Fees,374384
0xbvajRFYVjg,Registration Fees,255907
npM9eQy5jG8N,Registration Fees,185566
cwjLYKgt8tDh,Others,286169
ssn353DvcrZE,Registration Fees,126193
32id9ow3QiRN,Registration Fees,476828
9OKwbFlnqokS,Others,455240
hP1neSa4OfXi,Registration Fees,104463
Bi6Wxma5l7r7,Registration Fees,243071
gFSDkbzteDGe,Others,308654
s2UUXORmMtTR,Registration Fees,69146
GEGBG2CVoqts,School Fees,102368
VXHAxxHGFdAH,Registration Fees,111421
LMIcrct8IAdP,Others,398695
TYcmaXXvSZBT,Others,223388
RI9sbINs59yr,Registration Fees,273694
mUxY9hiNSkBK,Others,335996
XFPCyNTghPHH,Registration Fees,346211
nObWCPU4wp4T,School Fees,246851
xqMNt5M6MdLj,Others,259531
Fv5lDCvONs3M,Others,241189
w5nSeWD38mf9,Registration Fees,484495
ndzosmbL5kqO,Registration Fees,314023
G42YNxHndQFg,Others,434600
ZB3tiCjU4BLp,School Fees,365772
9CJDFWXo6rbf,School Fees,252638
S5ZHxH0gzfzE,Others,127097
WLAXBFjFMEuU,Others,32391
GxM5oIBprr3W,Others,486588
fdhWWk37VkZT,Registration Fees,318242
R3nvxC8M4wzY,Registration Fees,244382
HiVRFeHiCcPa,Others,449695
NG4XSQxspKLI,Registration Fees,146868
Zt43G9LuaUA2,Registration Fees,300119
C2TYFWeFhUBT,Others,73824
NKsxQuTkF0YY,Registration Fees,387653
yw3mEmELLkTE,Others,246728
3wmpwVvAFWnB,Others,191895
CaQmEoA9GrXo,School Fees,130593
7daku0jh9I37,Others,284471
JZOvPX3TKjtn,Registration Fees,108049
eTEK9Urwl44k,School Fees,218544
jzVDPTukcTTQ,Others,296645
18oghIJLt1Ez,Others,442632
SraUpBpVMHG8,Others,238407
WY8tbvhZESBY,School Fees,388693
hc4KYKR6w7lE,School Fees,125418
k8XJBgkQPlB7,School Fees,300973
RXmS5DXgXjgp,Others,69827
ppqBuS8AkxgI,School Fees,444404
nSjaS9dDQWbU,School Fees,274036
FbVlYR5115YV,Registration Fees,37912
jSha4xZOkfl9,Registration Fees,33911
xzesdbC8DtGe,School Fees,428817
XhyRXecuBXrU,School Fees,454335
KrImLhF61x29,Others,63356
SyRhl1bGaUyx,School Fees,342405
3ofC75kjcbtf,School Fees,423361
b3AGlQYDZ6VK,Others,191261
4mmk2rdPF4EF,Others,46127
VlIlPtL7XNzo,Registration Fees,182597
EUJH0xReuMR5,School Fees,12345
s36pOL1pV5BK,Registration Fees,231181
K3Pr5x1WKiNN,Others,76206
niuBJfGsnMxG,Others,433093
QKriP7MWxhEM,Registration Fees,114150
4jIzloIbPXYp,Registration Fees,453702
ltN9NTy7WFej,Registration Fees,383872
rvOldSqsiM53,School Fees,428992
XpNbaGtH9g0v,Registration Fees,420921
TaBrraPZNUSU,Registration Fees,459668
zRZ1Uk9L7f0q,School Fees,290062
ElNot0dlYVu4,Others,433636
TrPSrQ4Q1JCy,Others,319321
wiorM7Xu07AH,Registration Fees,354203
bZYehe6kYo9x,Registration Fees,297350
pcRWH0RaFVQv,Registration Fees,201243
xRUAATXTXGeb,Others,280053
bbLZt4trugoq,Others,305466
Z9pgdmcGoSnF,School Fees,128389
yXlPNnC5cnFt,Others,426171
7iEhuv9ZMkds,School Fees,369708
kEAb3UVYjv8W,Registration Fees,343025
zpOiMAiExLii,Registration Fees,390208
ehN0CTsYWf1O,Registration Fees,105471
BlIA0Xnk9FnO,Registration Fees,468195
l1DtSo9ieSDH,Others,187797
cmLaix5NJbWe,Registration Fees,477795
W8PDPP9Fsy81,Registration Fees,423659
c5TKGjKXE4k8,School Fees,209969
nBTwsrgWXUGC,Registration Fees,176678
q026FXubjF7u,School Fees,99981
MQeQOapXfEfY,School Fees,124868
2d58oWWY5nyu,Others,158839
HL9VOSvCFJrK,Registration Fees,101969
MthREfc8yB26,Others,499335
Q8v5urTqKwJN,Registration Fees,300161
IQ9GZSgQD2Kl,Others,466962
roQbtAO9yjRU,School Fees,300851
DuhfjXfXBSI6,School Fees,29187
D1Q155ZIDESK,Others,25688
iyXmoJAXBw3v,Registration Fees,226237
EOLDiA3ztzda,Registration Fees,394413
J6EmUT56umio,School Fees,369010
UnESbOxI7ypX,Registration Fees,38639
bQKL9x3g2lYV,Others,152324
M2ceE5e3Xrv4,School Fees,440199
EcSSi9jbwcbw,School Fees,29655
8THj4dV3Rwhk,Others,409495
1rVputUFfYxB,School Fees,185425
ZsaLPH50wTBM,Registration Fees,40193
DwVtgxZOk2hU,Others,85225
ROFDVxm8RnD2,Others,245747
zOcZLX7hwWSz,School Fees,117896
0zwp5wmQdGtC,School Fees,141216
XcAdCgJEbnRf,Others,250141
gqbBP1gey2sI,School Fees,248052
sT6MmCZ6TeaW,School Fees,462332
TmxgTSGNHNKV,Registration Fees,285455
PDjKo55AxN93,Others,272929
leMMOGUqRSpH,Registration Fees,176131
eeiOkCHi16YG,School Fees,234682
sWDUTutcIw2d,School Fees,343632
ZsQ7CA1gCW51,Others,14019
8uvDRPpnSlDu,Registration Fees,224740
js1bt1g9eNze,Registration Fees,489063
DIeMbAnkMQ1K,Others,270933
he2cyW5xdEVO,School Fees,29936
3isjgO9rosZt,Registration Fees,151420
JDK8E2aoMJjJ,School Fees,419839
TMd4Z3NAj15A,Registration Fees,80972
8BcjkmaWeggY,Registration Fees,318207
mkmj4tc38aNM,School Fees,144469
vRbZ6p7mHMg0,Registration Fees,128193
UZpUg2vkOfXc,Others,447841
Jw3bXsebppCF,School Fees,471589
UjAb8jH9tLds,School Fees,458768
l8MmEXEiKm0N,Registration Fees,356586
dcNMHFdUxbnC,Others,148549
amV9OrF9nKaS,School Fees,179992
oMpRcPY81XOF,Others,450414
tsGIh0CbIzi3,School Fees,219332
bgXgLxAvvsqK,School Fees,444914
buei7CchsOMu,Registration Fees,200436
qU3MuYPtQyuk,Others,261273
EpfmuViDehrB,School Fees,199802
OKcAJXDb1sro,School Fees,185828
Nfub5xZtefW0,School Fees,189801
fCmOzHCPpuM5,School Fees,40311
t3kLoAPbIpxb,School Fees,87450
NE0FnoT02wYm,Others,150850
zE1TaK0ruiab,School Fees,126599
EvKhKlF5y3po,School Fees,449164
vd0cYJtKBBjs,School Fees,360923
ukzVvjmw8Eja,School Fees,453789
s9tV88boPMLd,Others,360649
EXRdLFH4Hw4A,School Fees,244828
A8lKTeTWrAvb,Others,46871
7KM2kGwwiAHp,School Fees,96672
WcQQE8jWGW2M,Registration Fees,250006
Rzh2mZV5NWB9,School Fees,385604
1qbegCwMrgd0,Registration Fees,210376
Q9SUvksXGIFk,School Fees,379249
T6ly0rPFZa4n,Others,13715
wC0WFZwPaXsQ,Others,372385
L5Z1Kh8pgvvd,School Fees,209476
uKFjvlOvP5Py,Others,36321
QlxETaXgNZFv,School Fees,169255
mg5T8Xxd11d3,Others,337760
ESRaBQVzzyyv,Others,117533
o2E2D4z6sHmu,Others,197387
KgAqF7QppDsA,Registration Fees,181821
73z9FlON2raY,Others,238180
Rrmj50TLY2Ib,School Fees,170713
GsR2W3jUERpF,School Fees,33574
UPxM25lvKICN,Others,268871
YNcOqIUN5BVI,Others,42674
qYD3D3QEW41h,Registration Fees,159929
Ilc5QK9TkWbs,School Fees,83448
pFNfjnamVPFW,School Fees,330600
6GVWTB8ZEBrP,School Fees,62830
LJAkeX5TVfdF,Registration Fees,408116
Mxl4sJ7CHsQV,Others,395118
JbcN4267pDEr,Registration Fees,357349
wJDd21GSELQC,School Fees,79638
uZh3kFyClPtB,Others,181218
KIUwnhc8vs3u,School Fees,60322
r0sFAFbiqxpA,Registration Fees,373749
pml8W8gxc3k6,School Fees,301973
trfeTR91SEaH,School Fees,493624
51BY6ZasZxJD,Registration Fees,307862
UvdcCKjUopTs,Registration Fees,30495
TE1lm33tV6wT,Others,431356
MDa1wNvjSlO4,School Fees,156091
vUq7iJUlC1VJ,Others,52563
ymmFlCZ0pdqc,School Fees,38977
uh3TtAygoK8M,School Fees,422769
xgvWeeOICy6F,Registration Fees,491330
VnjFkjj1FnuP,Others,17765
xJcsRTHLLoBi,Others,492925
ABYoFAoiAwNb,Others,214394
7fCmyRxcPEj9,School Fees,27448
nA3qmLQXg3ll,Registration Fees,369636
iWgG3NdidfYq,Registration Fees,224147
9uJI2P4bIosn,School Fees,217533
FllOI7x38XcW,Registration Fees,355840
lb5Djiz3r3VF,Others,134921
T9EZ64IifUa4,Others,363077
vRpsAR44HRZF,Registration Fees,81302
SYO7F38E2zxE,Others,78598
TRT2K88L6FUm,School Fees,424490
P4x38rajlUCw,Others,495060
37vjRhpmxz9i,School Fees,13716
iJqfKvtzhpY1,School Fees,19123
aVIh2blIxmJy,Registration Fees,45351
2GVYT4EJ6j6X,Others,91443
9RaWi5LCPgoe,Registration Fees,467150
N5omWFrAUUO2,School Fees,235695
whcTdGKMJNkw,Others,100583
ZDf3HuFHTdJt,Others,276763
Czv6LmjWtFw4,Registration Fees,173858
709V5SZ8GLJy,Others,290606
roVOw3WqrbJL,Others,64192
2XGMZsyev9GB,Registration Fees,242637
UX9yuBjrGeJ7,School Fees,391365
ZYF0ocLPegzH,Others,181965
OphmpQaqCom5,Registration Fees,278877
EAi3pb3eK7LV,School Fees,327731
GB5lNe6x5CKJ,Registration Fees,162963
qnBloqkQoYib,Registration Fees,122691
W8e25HUrtsiP,Registration Fees,353297
fuptkLKELNGc,Registration Fees,39703
qOvXD8z4pGfU,Others,271012
pspjtSZ5bToC,Others,167195
4ZpVn6CnizI1,Others,98940
5Qv2b5K0Y3nU,Others,334622
jy8yP8vmuo3C,Others,234471
W5YEcXS90BOF,School Fees,142283
3VXsoFF2p0Lp,School Fees,73903
MBDVawzhjHsK,Others,342903
Nq3qmsS1fK2f,School Fees,180989
ryDCI72bS3Zt,School Fees,307650
GGSwAPP44mWw,Registration Fees,404477
QeHBsnBWJzfI,Registration Fees,280316
3ENLBWX4HVIW,School Fees,292325
b7NlCZwmJDSy,School Fees,105027
9zy8MaXKu8bS,Registration Fees,440854
5eQvHZUgIdxE,School Fees,244441
L4iSPLotThDg,Registration Fees,98987
zFms2iz5Hp2A,Registration Fees,368306
pMQu7de5k11R,Others,336100
nYriR5fsBZea,Others,386354
s9Xbeg4rzgcv,Registration Fees,101341
j5pqrnZ5ZcJ7,School Fees,403230
6NGPRG1FIGUU,Others,41867
wZefurZCHxf8,Others,227407
KhADVjjoDLYn,Registration Fees,281873
vPqNtgPF0LPM,Others,438966
gSrpOzLtO8wU,Others,129964
AbeDVF5P43Ll,School Fees,259218
yFQNAxAAXW6X,Others,179564
JnGLieRO83cL,Registration Fees,445532
UqbpxEip0QSR,Others,316285
CDGIaycwVekz,Others,466135
IynIm3ja2LjC,Registration Fees,437872
47eVGJE2A0jI,School Fees,428006
OGhF5QGMY619,Others,375123
WlimzY8wCV1D,Others,202531
lrFbD8pJy5NU,Registration Fees,452989
fAx83CNQaBH0,School Fees,170970
OjgAZzEGIsms,Others,318666
94li8DrQsjFV,School Fees,401127
8SocbeIAu3Pq,Others,62211
pyoZRUdwWWpS,Others,111904
VnRbuq4V9cPo,School Fees,13126
2WJBMKw2icL8,School Fees,331321
u0YDgtMPtRHh,Registration Fees,350109
mG9McIPfUdCF,School Fees,414440
gGxkCIXAzZzt,Others,389190
RtCwiAL7G330,School Fees,190013
blypW2PASdt5,Registration Fees,23978
xXLFevyJ5PEI,Registration Fees,235722
7e3mZ3UbZmFf,Registration Fees,303752
F3co8eEY3k5C,School Fees,295732
uYYWrbVCc99x,Others,193183
JIZ4p5T9P6UN,School Fees,223789
UXhPYI1DjZKc,School Fees,483730
Ndy6xQ5YhPVl,Others,249664
qWsswYlb9kTu,School Fees,283845
jwQwEDicsEO5,School Fees,129128
raRuIrzlgv9c,Registration Fees,261603
EsdfmdrsASVi,Others,454142
SKunJne0DwQJ,Others,136576
ekXII9m2ZbvU,Registration Fees,299812
vNYDW1ZJWCDc,Registration Fees,188565
LdNxdTXqR4ip,Others,413881
aZ7zt4wAOuiS,School Fees,115357
2PGAJl81tS3h,School Fees,106003
FDUWiXfz7reg,Others,310009
LViJLXHu0FYS,School Fees,250762
p8ActDtoPvvI,Others,24406
0wgVM5p5k4TL,Registration Fees,414454
FgBa1cTVoKAr,School Fees,105391
V0yhw7bJvsil,Others,307428
KgZkBmSHA4g4,Others,491868
CnY5bEi2rfsm,Others,71079
ZCvWmfD0h8oT,School Fees,443123
PL4y0NUbhcql,Others,43569
ECI6J0aqm0Pq,Registration Fees,144983
4tLXuR8jKat7,Others,163569
ZcSYEWk1uhMT,Registration Fees,261948
a9vrwtUBhoh4,School Fees,457350
ycUl6pT16TDG,Registration Fees,295789
J8tMZoa0QjkX,Others,243042
wguqChKwAngs,Others,121467
xMcXkdJR9wcw,Others,67967
vyxaR8L2i5pA,Registration Fees,208665
JsYJuVZahEjV,School Fees,226582
bQlNgMH0GN6V,Others,323768
mPhwrvroUjKR,Registration Fees,486638
f7q6vjcfMDkV,Registration Fees,108226
8aYL76HDQZ0P,School Fees,425379
E2LUd1GEzCwW,Registration Fees,82692
Q0N4dGJAcBd5,Others,32599
kRDZYzLlmTI5,School Fees,206086
q7BxR0eSFeRZ,School Fees,132244
cS9DuP9a6yTY,Others,301780
ctn0cMyHpzDT,School Fees,392045
ngqHgzxAh7vj,Others,307011
y8DnBUioNgcv,School Fees,286704
mn2tUqh23Jwf,Registration Fees,44508
4kcwEuvexEr5,Registration Fees,133778
nEItwitXY1Rn,Registration Fees,173065
SHZTgTgTZoXU,School Fees,315556
bSVeCLLDKXtv,Others,61610
XQgSxUoYoSwT,Registration Fees,85590
tOEYHsgNbfRj,Others,52711
vigJToI7qrJz,School Fees,124186
L6Fw5zYEz8sN,School Fees,343277
PCQRVwNI2DUA,Others,431902
pDuCkSaMDXZy,Registration Fees,492758
mshwgNqnmueK,Others,92083
XJ3hTxzNnE17,Registration Fees,417782
XHObPn1As6c2,Registration Fees,397093
rAoF3tCQ8W0F,Others,161277
rGWZY5m4u3fH,Others,117900
SjKNPg5Rl1Z8,Registration Fees,422241
BFTMkGwYiWWT,Registration Fees,19542
Y78kDZQpalgu,Others,68003
1Cxi90lUEezQ,School Fees,180092
f0qGu9RCaJfx,Registration Fees,213588
Ry1vRu4fZ3wF,School Fees,148854
6jNZBFpNjhp4,School Fees,199222
Eqa3gnz8bVuW,Others,438359
99NhMeGV2u0e,Registration Fees,85533
449hkpjMj8ye,Registration Fees,151995
BKuRWUJxkdYm,School Fees,186053
r6ixWoxivLkT,School Fees,444190
9PS50J2FXUeO,Registration Fees,408464
kk8ShFT2DnUf,School Fees,346988
4OSycaq7qrEY,Others,32298
3sp0OwB4jXcM,Others,373064
RLaYApAPvziO,Others,366169
Bm0uslR93Xg3,Others,175563
ZpyiMTHVmpe7,Others,409448
DZGjkjHDnaNl,School Fees,109176
LajTIaVfsgui,Registration Fees,400855
ps1njJF3Y3IH,Others,443699
sya5gmnVJPOd,Others,364314
7ByXDwcyJoam,Others,298474
wbJxAYzPzpal,School Fees,97378
PIrTrnsgOZ7r,Registration Fees,332393
nBlUDVb6fqhA,Others,152083
3VWq10our9Q8,Others,167073
KTmysEhzpO3F,Others,162505
oGdK7Tj5vhyR,Others,354164
bX0sVDR7mw7H,School Fees,373696
JfivRwBaGDMP,Others,455003
kz3UQW9sjYl2,Others,390829
qejSesQoMBdt,Others,387421
v4Iu9MI8X5iR,School Fees,342836
DausyuhcsAmq,Registration Fees,122995
qyCrxTg5JuhV,Registration Fees,258800
Nj9KCdt3bGbd,School Fees,229475
lKqlwXDTYsOr,Registration Fees,479940
VWLmloCqEkjW,Others,179661
GXU3xMKmOFjI,Others,131319
X5cc7JCtXPRi,Registration Fees,327677
wU32ZzvTHLus,Registration Fees,279812
vdxLTFV63SxT,School Fees,105283
zhyME7YZtCVO,Registration Fees,84250
SmNnsZIvYJdG,Registration Fees,382417
V133BBDonzkB,Registration Fees,67040
dXlhBtjvD716,Others,257569
GzE60H6ueWKl,Others,314949
YpxkKcmXoP2i,School Fees,390304
YR0y0iJVMk5b,Others,100245
N0RMQKwf1LAy,Others,300415
m1VGjdZhKceV,School Fees,174052
Gz1rdTJFl1Gb,School Fees,38319
DKc8KIpaWH6I,Registration Fees,260139
qJOeLsZce2RR,School Fees,443993
F7U4tRJx8T4z,Others,156607
B3VaTk7XQ7Uu,School Fees,30380
qRCvyRt1OPDh,Registration Fees,422133
rh153LBfphL7,Registration Fees,210631
kzOmXz95tOPW,School Fees,489718
t5SNRpFrErO9,Registration Fees,167627
QmXYfRzKGw1F,Others,83055
CIGss5rLe6fw,Others,193936
mQ7NX4gg7fgt,Registration Fees,290905
10eISPiGiJ0z,Registration Fees,437772
amGmXe1zG6my,Registration Fees,207673
M7pcVFfGgaNX,Registration Fees,397536
k5KU30shLCY7,School Fees,439151
bgiPmGnB20M2,School Fees,398595
6EVBMHG17e1g,Registration Fees,390487
6juS3KaR21ha,Others,247697
h3f6zV5mnu1Y,School Fees,96625
oQO9Cqd6CaWt,Registration Fees,479242
LF47MyLolyxd,Others,382632
Eb7LZx3TqJJT,Registration Fees,240396
nxXOlxCUyE9S,Registration Fees,333382
qc1ilz167NF3,School Fees,412915
OvYzNsmETn66,School Fees,220208
8HT39Ir6i0Q4,Registration Fees,396326
gI9gYThw5gSG,School Fees,215041
E2WK75Ov6agc,Others,37127
y0k66Lc4SUWA,School Fees,261823
QMheMxDwji6H,School Fees,472543
LQ31ZHRAUgu6,Registration Fees,432872
K7kdID1WupgU,School Fees,88520
F1bDZs0IT7bj,Registration Fees,97348
O6yfXWCuCMmF,Registration Fees,325854
JEcu81UdqPys,School Fees,335860
b54mbFL53ZCT,School Fees,283559
MA05fA67yrsw,School Fees,446236
NkDIKOVrEGnX,Registration Fees,446899
4jEeqJWgbZwv,Registration Fees,215403
54lnad9Ayywr,Others,249046
EmeaWNyfA0Y3,Others,334267
7yuSBdaJbVnK,School Fees,389122
crJaYOvBgeXM,School Fees,428201
vmStGIzIyIIB,Others,83245
kDrDS6XwW4Bz,School Fees,45795
OVM7TveVRE3M,School Fees,61572
mpXPNmlGPZNe,Registration Fees,479397
fTeWDzIbR8nZ,Registration Fees,335953
kfPCEdcQge6c,Registration Fees,422716
Nt6v1olyl6Fc,School Fees,247117
lrFNS6IimjLy,Registration Fees,174183
AnmcPTigsA39,School Fees,277249
1yh1Eq48V2LN,Others,262265
4J4IHUu1A1eW,Registration Fees,326121
BVIElXgbjcYQ,Others,145581
b8DKy9jvnqWX,Others,55171
rEoNhilF6ogC,Others,72934
WKMZtSypzCfG,Registration Fees,483006
KzC4Ssdg6qRa,Others,102131
hSVmwYszEKDn,Others,425718
6co4x80BPQs5,Registration Fees,408665
uMbh9Mmqroyt,Registration Fees,327493
TsZoISVeniRz,Others,135318
KmHX47Cy1FE3,Others,208734
08fuGQZcncpF,School Fees,277493
dhHadOhDdAEb,Others,63738
UPo59mguVbs2,Registration Fees,365792
jfqt6CHRlwkq,Registration Fees,127491
Ao1V0Sni4tMq,Others,366428
TX0vexpC7Awf,School Fees,211521
E8Fq4VlpxD2B,Others,157367
EcOBHKGylHib,Others,139898
S7qcwoMoUCOR,Others,129943
0nv75gWQxcwd,Registration Fees,370004
6JXuFnhonf2b,School Fees,411843
gKtV2PFxUTaR,Registration Fees,485608
8yuc39bVUujF,Registration Fees,56517
LaJrbOjp0Fxl,Registration Fees,178732
auUiJHiJOkQN,School Fees,432231
7XX4o7YwJRSM,Registration Fees,373798
nio2MUQCCQxY,School Fees,155596
2MeWp5gV1WBH,Others,87350
C7QdbhxQc13p,School Fees,480816
GWpPFHqcjBs4,Others,255646
EXGoEF3RaS8m,School Fees,209001
kySHokoMTR2H,Others,412123
fRN4020e89qo,Others,205192
iBxnD7jfKsN3,Registration Fees,325886
VgXaL8gi8k6q,Others,302739
bEHuqDP4W3TZ,Others,366397
vSBWCQYwxAMS,Registration Fees,422225
eVX94o0hbt2Z,Registration Fees,211231
3zIYObLIsbx7,School Fees,274807
jtKlyOjgKhKS,School Fees,178895
Rv2RrB6NipfK,Others,316797
xJgDG1FDMKyS,School Fees,182491
JzanCTz8Vbqi,Registration Fees,340196
8Yqxk7EXctSV,Registration Fees,344928
G4WaZFisy8Eg,Registration Fees,259860
u6tzJwdLDgDr,Registration Fees,377132
knTIaSCFckG5,School Fees,416569
XaWKX9RPS1vX,School Fees,158999
xzrssIG6eTDA,Others,81270
nuTreLjvJTy4,Others,149166
KOzCZA1jVOBi,School Fees,54130
Rjz2RQud8ogY,Registration Fees,388718
BByb10Jdi008,School Fees,349015
z13NnK6JNcv5,School Fees,11609
0mt0kLiOD7yC,Registration Fees,378791
qzrfgrZ7Qv0n,School Fees,195465
7WXO7yCWZT3y,Others,350495
OTEnMR48N4Sf,School Fees,312687
kBtbBquKvvu5,School Fees,308305
U8Vv3d1eiNwO,Registration Fees,228863
oFRZhSyr9KFK,Others,125572
uCYzRwAmdqU6,Others,242434
Atbpf9hH026r,Others,497951
XrkmDn8ZiU9M,School Fees,350855
7ki8G9bCtcr3,Others,292549
y6BN5mM69SsW,Registration Fees,281447
7wq2j93Ag0Ba,School Fees,236893
2afMs8NmZTJY,Registration Fees,255609
ES4IQQufTeti,Others,476714
gZNNtFtqkBUh,Others,273479
5ObNl8oV66HP,Others,36100
7euUmTPonBzQ,Registration Fees,125110
QhXm2CnbUiOu,Others,324127
MuKjEsXnEDPW,Registration Fees,369476
J3cAyMhbVoZ1,Registration Fees,48828
NrFpD4tzJ7uE,Registration Fees,28600
l7FmHpo4DzWE,School Fees,142694
0evBBDpkBUd4,School Fees,83094
xb3Fm3YVzE2w,Others,441264
fyp1iaDZk9Zc,School Fees,129870
WHwEEciWEZeW,School Fees,272567
7ntqNAx0rXZv,Others,252879
puc7ShRnt5I0,Others,297666
54Y5ICLvGeBj,Registration Fees,260690
2WfwHrG1O9z0,Registration Fees,466673
8M1mLY2AzdFs,School Fees,235658
kqlqJbrfZsz0,Others,366320
788bTzHPiXRl,School Fees,11139
pyJqZ16Apinp,Registration Fees,21798
3uv9AjUdADed,Others,448201
e3F0R5B9nEJv,School Fees,48342
AOx7bBm9nUgo,Registration Fees,198459
Ds76Sy2IqZGb,Others,327000
H5V3CU6dPLCf,Registration Fees,317672
16ASZtixXpGf,School Fees,25594
mGpiVgkKHoga,Others,334490
DTTqwMLX4HvS,Registration Fees,97853
3XE1rBmmFUd3,Others,453729
894bzHLuRlP5,Registration Fees,250898
yjZzXgfeTtIs,Others,361271
NZWyDgcalMKt,School Fees,497888
w49Um46Q7mfu,Registration Fees,411172
Aqgm1CH3J40N,Others,379978
pC2WDXFYRdCX,School Fees,374382
8TqpEPceOlXv,Others,304211
PPzkGL6hqYzw,Others,180077
S4LscEdPj3tH,Registration Fees,26930
NdL4L9G0sNII,Registration Fees,332997
OxzfOM4xGrd3,School Fees,13485
2X3P8IUn3dTF,Registration Fees,190244
rqKtpbx6x9vN,Registration Fees,209316
BVi6mvIEVVWf,School Fees,351036
eWNFJW20Q3dy,Others,301207
k4AiEizsBUiM,School Fees,142880
R0qkeNg9p1Ru,Registration Fees,299761
vBd49brS2djH,Others,400456
MAOh8oIKPo3z,School Fees,153451
vglJUU8ha9xA,School Fees,69580
GjENxjOlTWdQ,Registration Fees,248365
BLOZghfU6Z8y,Others,155475
oF6TfhoE40MW,Others,248098
btVu4gGExFiG,School Fees,338774
1MWqQ9ByVC7m,Others,352494
BARfWFlB4Eyc,Others,175663
axCc2mPUbLjd,School Fees,481590
Pdbp7eFDtOFw,School Fees,185972
DrluAYAX6lTN,School Fees,45006
gr7FuUu8px4s,School Fees,282231
7Xi1aFlDXOww,School Fees,354194
OPA5O5kKaq3f,School Fees,453880
Vuit88w6d3qc,Registration Fees,321770
qU6vENsWvBsY,School Fees,29199
6oIk8f7e4Y8X,Others,257587
3PRgG68objTp,Registration Fees,415480
4lBoAQIywN9k,Registration Fees,37054
rhoszCzp9ikj,School Fees,346468
1AFO1PVeCzRS,School Fees,341434
aouKgh0dUj9Z,School Fees,406018
HqrNJlcVwlxJ,School Fees,471799
lRyNqZGg6Yi4,Registration Fees,44249
y4LXoANB0P9b,Others,339376
D7bT2wzanTJt,Others,33725
63yiBOhkLI5F,School Fees,54249
Gn67vZ9mz9RB,Others,105180
rIFj3M6MyPql,Others,218915
EPO2TbGle0Gx,Others,307048
38A53KYNjSxF,School Fees,274101
NkocXIPyvBHF,Others,332656
mhdo6teL9Zwo,Others,197993
sNkOyRsK6gT8,Registration Fees,329627
GGJHWwVDvveK,School Fees,363038
FJGIMCLAmkuc,Registration Fees,204552
Yi0ZOe0tHPVV,Others,84621
ateUniSvAonA,School Fees,75589
UUM7XuK3MAlI,Registration Fees,154120
arlNZwVov6HC,Registration Fees,156979
5DUHTRUTtpLh,Others,415544
Gw87xLoe5Jcc,School Fees,469934
Kd8MWOvBECDk,Others,86596
M6TkJOAuoioI,Registration Fees,395223
ZslJ8OxfPipO,School Fees,290411
oRRGixDF7u0V,Others,258579
lAiOxPOIPsBO,School Fees,267223
Z5yQ87GvwTzs,Registration Fees,258460
MoLxL78ooOF1,Registration Fees,210832
syGA8u11Fz3t,Registration Fees,51104
pOIteuuHvJNd,Registration Fees,384675
TcVez3b6LmTW,School Fees,98671
XZAtsO0q1jum,School Fees,345069
UJZXFHCAtje0,Registration Fees,53253
dTXvX9vODvpw,Registration Fees,263569
dqqT94PEXvNe,School Fees,381068
YCK5RtRWa2Le,Others,178485
2po0tQbyoyiH,Others,248845
8HeY57py2ooy,Others,421805
UTAwOlNy3QIp,Registration Fees,439648
RBdcGHP8pZF8,Registration Fees,41302
D6Uooy7FpSRH,Registration Fees,343965
a5Sm20WRdy7e,Registration Fees,243300
ooNdQrd95hU1,School Fees,192365
kyA9IHx4oHVB,School Fees,315298
qiXAuvEC2PAL,Others,145746
IMnzCAkhMCyo,School Fees,381165
q7Hz1p1WWrRu,School Fees,12224
kdQ832zqegi8,School Fees,295828
8aMepPB5IN06,School Fees,206413
oXlwjaDQLQYx,Registration Fees,328135
WnkTRpBcm6Uf,Others,497824
DdlDYmBBTXiO,School Fees,367325
I3OVO1EMdBNK,School Fees,303105
dCJJzghOfA4s,Others,220808
jsSIuxYeiC3W,Others,402542
SWWNulo80nzA,Registration Fees,134875
L739c9ttW60O,Others,121334
SaU6SPZ7lKeB,Others,146150
VFgze9ILLQ0K,Registration Fees,51353
F99lbUM6oJcX,Others,32302
zsp8qch7EZTQ,School Fees,97764
RUmeJwtikTJK,School Fees,168867
w2jSJcQPVypl,Others,354360
YqyptkZtCXzj,Others,104681
axTzDqpvoNjR,Others,203414
M2KqwZPDxhBp,Others,152827
Cb5HxAfDeX3s,Others,74882
GqKGjaBFIi7i,School Fees,306194
OZF11EFp8shM,Others,180609
mVZT1lwpLJxu,Registration Fees,224256
UTBzJ5gyRIqH,Registration Fees,127568
CuQwNXXWrQKO,Others,101008
wS1tD5NHxXX1,School Fees,312753
dYq9k4MxXwWz,School Fees,237928
MEp5w7SQBZO9,Registration Fees,430627
AOMTZIUSOSNi,School Fees,133539
gR1bpPuR6T9K,School Fees,366260
Qpda2xAotavG,Others,154913
Viytza08UGMz,Registration Fees,51023
AF1m4NtEztXA,Registration Fees,353530
CsiwBtDHDNG0,Registration Fees,477392
YLlcJv16QR59,School Fees,69689
mgs02DUOSWtl,Others,201721
OinwMUpUMplS,Registration Fees,76285
iMCqt6qRsvkK,Others,405208
KyriuApCmNXL,Others,452821
KDmk8gzbmqSq,Others,236682
a8zBU43Dyc0H,Registration Fees,97188
mAsLNmRKwAKz,Others,213120
SAstVoFDgWjf,Registration Fees,147943
HahW8gZorgLd,Registration Fees,288764
3HWVj20wPIW7,Registration Fees,355284
qzerr25wyOZL,Registration Fees,349784
UMZOBaTC2QVa,School Fees,370196
JoptFN5bU3Vb,Registration Fees,406759
yOIYHX3dArY1,Registration Fees,10330
fcZjxzfcnR36,Registration Fees,413028
qngfFnCC5utb,School Fees,353657
2O0XfGHvibD1,School Fees,159402
gw7rG24TS6Mm,Registration Fees,321829
IIUlLtDAU2SZ,Others,105930
rhamLuDvlEdY,Others,329342
FEZDEl7wsiAS,Others,322708
uatNKEXXicqs,Registration Fees,30847
XwMS9xRO2agm,School Fees,206429
GC4yz6AUJsBJ,Registration Fees,117049
lVGKVLLHr4CA,Registration Fees,477877
4GxtmGQMOhxH,Registration Fees,138852
tYmGTu2S1wWE,Others,24843
1ZMgnWClx8ic,Others,397364
yC81fxKafbou,School Fees,266360
7AmdjZW24wBV,Others,364960
cB2Z7ivow2Ua,Others,204720
QAaK1irYd248,Registration Fees,74736
e6ierFCxdZgP,Others,162750
6VNXfwV4m491,Others,146357
VY7tGfaZbFsB,School Fees,292683
WHKgBfRMIRnh,Others,427573
mld4N1VWAdw4,School Fees,142379
4UpLuBPhh3DG,Registration Fees,405201
h5TRKQrobpVZ,Others,497190
wTWzoB1IufYp,Others,40656
BDwnstMglBV9,School Fees,202668
R0qyDV8VAeqh,Registration Fees,257426
1fBqe9lSZshB,Registration Fees,125132
vlDZxo6VqDWw,Others,279042
MKZlMBmRojdg,School Fees,34442
0rlAXkBy2srf,Others,47020
Qy4fMDUbo68U,Registration Fees,483092
flO2WkB5bbZs,School Fees,454127
sTaFeh2Vc3Rp,Registration Fees,405149
za3zZyx6oawr,School Fees,242571
owkDHZLFuZ4I,School Fees,28584
mVu8BEXXbOzc,School Fees,215644
IrYLcddeAGok,Others,315547
h0j5sGzxWPkp,Registration Fees,15490
BnCai9K2EAe6,Others,186865
aPnWXRSTBwOn,School Fees,95176
KgOQWhCGJ4D1,School Fees,220354
Dnt7mCQtIIeG,School Fees,262467
MBn9QriSJACB,Registration Fees,179962
fy985Pv17GYH,Others,427881
UUk3tbuutS3V,School Fees,148903
wV4SzaZlPdkt,Registration Fees,495837
JsnvmNyvr2Ir,Registration Fees,423065
2Mhy370iCBgP,Registration Fees,245959
f52CDvoOgUOR,Others,48593
fzSlzprwLPh1,Registration Fees,35831
VUtiR8mwpblM,Registration Fees,404095
7aAAIkGf4TCj,School Fees,64347
2K5iL0cfi0YV,Registration Fees,399465
3z56tcCUPtMM,Others,410781
fGrV9gPnxpon,School Fees,249178
dR6aJ92XjpDP,Registration Fees,228958
7h4Rn8w9MnK8,School Fees,257778
afBAXeLP1WLz,Registration Fees,168236
XPz5NBkJikWa,School Fees,40438
hAfrdFlzreGE,Others,179391
OtOPteNJWa8e,Others,273359
N0le4a42wbnk,School Fees,373947
dACiYds4Ak3P,School Fees,143360
iYOnTpkKxwzv,School Fees,232708
gt205nZX0D7e,School Fees,71985
0NZ2t7bVZcrr,Registration Fees,379359
WdY9CsvFctVI,School Fees,50130
HiHo05BL7HLL,Registration Fees,63711
q4XWTvDaqMJQ,Others,50239
jh8GH70VS8Gd,School Fees,141216
KEvC0ZSu5voQ,Registration Fees,419429
FkwuWm6h1y6H,Others,99984
Xb9PlB1Ofn4N,Registration Fees,442224
1wDR6IPWLe6p,Registration Fees,318767
tChkojxwh3F2,Registration Fees,36580
yYtMNolmw5gU,Registration Fees,121174
EDfa1T8fooyK,Registration Fees,129018
740zViSZ7uMz,School Fees,235510
GhgwE0KDFSE1,Registration Fees,456555
AOsmB0pCiOAi,Registration Fees,345614
XN1Uxf0wKoi1,Registration Fees,330558
cHpca1jXXXGg,Others,293835
LkOBTshJZxTZ,School Fees,80605
RnmRzjVhxxSc,Registration Fees,482513
LIQjSDH8ae02,School Fees,117998
MTFlHMB1Ql5g,Registration Fees,148306
1MepBK7iwmzs,Registration Fees,374255
XXUo87Zl4HaU,School Fees,450072
eHileavctdtw,School Fees,46734
3jqPyD3FyfTa,Registration Fees,133969
BjN5VhhMDHya,School Fees,232957
vwCdtod33hqg,School Fees,388324
JyNjh0EhJB3x,Others,343770
ecvOqlr5E0D2,School Fees,318208
xDC4cBL4g7ta,Others,320521
HzUf7V2CboTU,Registration Fees,338274
BsrAf9c24ULf,Others,62537
ZHGKT9QwgOin,Others,87393
iyg5fJKYmTh3,Others,469119
u2nsgvU0xEAM,School Fees,477171
Ax2wm1AT2pjS,Others,321649
xvaY5HAkSqky,School Fees,336940
yt03W0dMOPxz,Others,271772
8ATtLWqP4JQR,School Fees,112175
pbHfyf3xOjDU,Registration Fees,238248
r6LJE0LoZ9Lq,Others,42609
hxsH7Mzf7BZQ,School Fees,187030
bgLIFx6EoWeY,Others,135173
4O49unWnfSqe,Others,315835
F4a9XcPul4nI,Registration Fees,323501
CRh0XEGsPvXe,Others,230768
8sgzGpZbjd0D,Registration Fees,254605
16mNp5fLALVq,Registration Fees,238737
sc6vb47ubuKQ,Others,26122
9wZyNo8H1y5R,Registration Fees,449662
kj5G7qsGl9KH,Others,400942
veBab6UUBaWq,School Fees,471079
iAUf0y9R6ulf,School Fees,218381
5oI1FSlJizbo,School Fees,97672
DjhCUQaOvufm,School Fees,115013
RgK92JNvaDnj,School Fees,190297
jEgQu9Xjki55,School Fees,405437
GYM6fibHC26k,Others,333011
hhh8dWLYKC6y,School Fees,390921
ZQeekD6esTO0,Others,486647
E2sR3P4Hvwgl,Others,168674
8DJKg613mBfV,Others,393521
UoaZjMwAWjG2,Registration Fees,471813
omoJDzfinvKA,Registration Fees,183577
n35BXC5FGY05,Registration Fees,22989
F5wGlqQSqKQD,Registration Fees,442753
ZlOCm9vBIp2J,School Fees,153447
yjuFeBN3EwhS,Registration Fees,385349
vYgcVZDLDZ19,Others,148186
U38ssPK6vPTL,School Fees,454937
d1pcZKPon2mZ,Others,303662
X4kONLFwVuZY,Others,300061
2V8B2wacBpOF,Others,134264
TkvdVUvsUiih,Others,483411
aYGN8lMJHBnL,Others,138282
m4zmuf6lDhhz,Registration Fees,305773
snk24epCinEN,Others,479084
8UYSA1NH4fAw,School Fees,480352
wBS7oIyPUuxQ,Others,405129
6KsN7yNhRh8J,School Fees,151172
XsrVCc9wsa9V,School Fees,19676
bFROJATmAnmU,Registration Fees,468214
9CYj4Fa0fWuY,School Fees,362761
RxrmRgqna8N4,School Fees,106718
i6IzFdzQMpRX,School Fees,456308
ytZxqNJMRWL5,Registration Fees,367096
bOsw7bNcr9hg,Registration Fees,326083
Hf6f8HodhWol,Others,142481
WbObsgnFLKQe,Registration Fees,125084
DC9Px9kKf0tD,Registration Fees,40129
4cY9JBjxHqFn,Others,42160
sMI2aMv70Mgh,Registration Fees,365786
r8zxgwD30bsp,Registration Fees,114232
WWkhLGgBxSvm,Registration Fees,182108
3Zgvb1J8VqPe,School Fees,356780
OEBbyvBXIj3E,Registration Fees,328330
fudIoVtNmapr,Others,49460
1VFegZBrmENM,Others,398433
l3owcv825RzY,Others,327107
GZLmMR9KdCx7,School Fees,482058
4WnqB3QfPnvA,Registration Fees,267002
vS4uZaGrth2n,Registration Fees,184515
Je5TwtnaQlOd,Others,112923
D1lg6ynupPpq,School Fees,85736
7YaNWYhQEpcf,Registration Fees,30667
oDFZb8tPswVk,Registration Fees,388497
UHTXGVEycMy1,Registration Fees,31597
uf4nMip09zaG,Others,350585
OvThYZWc830a,Registration Fees,456124
ggEewgFy3ziJ,Registration Fees,201382
5MK3R5Yw4uvz,School Fees,422782
ZHwHHIm8oJ5p,School Fees,468485
5Lx7BqwVL2Wx,School Fees,96020
FaJG7La2zk7n,School Fees,273403
Az2MDnw4PnlG,Others,239016
nv1teLls0Mcc,Others,466618
Mm6i40YZMjm1,School Fees,158940
jfW1mLjpprqW,Others,103996
18TTZ0YL9NsN,School Fees,252689
siC9iKtyVwDD,Registration Fees,435776
l3DCikxmc3Fu,Others,98872
T8faNiVN6PvR,School Fees,164198
J9MEXOnWxXPe,Others,380068
y77NZcY5KWKo,Registration Fees,59143
AKEHTRt0tTwz,Others,378133
6CT15NIF724U,Registration Fees,155287
3oQ6apIWb99E,Others,323960
He0mc7ytLmtJ,School Fees,424223
5WzaVC6ZISHM,Others,346760
mS47eXLXrm9Z,Registration Fees,429418
KILVgfgCAG0g,Others,449068
T78c1Ek7VvL3,School Fees,76708
Oeu5S9kHolnn,Others,253817
Zb3OV7vEvvnK,School Fees,91012
dmrwWveyhbhB,Others,369725
iBkHPjxvVq1g,Others,109976
zaKMYh8rDQVY,Registration Fees,96851
uK7kdNG9Oimv,Others,300514
G7TIBmbIm5Lg,Registration Fees,313906
mEKtZDP1aMrQ,Registration Fees,267784
Gg9kudojoquq,School Fees,411998
Sph6WS6BnYbq,Others,309698
Oo4J19lOXkd8,Others,241889
WUYQSAct1HHY,Others,131452
vpyTKXA9pd1h,Others,398176
FtRwZ1JhmfSD,Registration Fees,456682
xCOafYm0otPv,Registration Fees,26757
0gA9pmC3oQqt,Others,196085
AfygNDwlFqhk,Registration Fees,76902
LD6gmpu4Akw8,School Fees,106943
VKzOEai3ULEA,Others,430620
yvNU2R3XvI47,Others,48478
9DfcfqnkDGcU,School Fees,440301
uBVMOqEll4Jv,School Fees,105638
9qcuXM2HV7Fg,Others,182765
lRur9D8ylIGo,Others,145943
OmICUmOpV787,Others,94073
MfxrDiVMO6nk,Registration Fees,374723
CclChb1nncDk,School Fees,301883
nBiBNroaRFY7,Others,90997
FNKBuBCW35I2,Others,190151
tjHvGYY3AO8f,School Fees,83814
dpGDNAgErWsX,Registration Fees,229268
gadWKAW5MQm3,Registration Fees,267380
xkRwPpEBNOj2,School Fees,234243
D9rnbmWpEp3q,Registration Fees,64296
JqeNqsZW8Smh,Others,175527
BWdEEGc7EeXt,School Fees,184089
pUH5IH01qZ1e,Others,26918
Qh2Zj4sIDx2b,School Fees,382898
gmGZ0dg6mOVR,Others,362392
W2SwTkf4WWnX,School Fees,489191
QAWcI0ycN24B,School Fees,179331
0xGrJPOPBvbv,Others,233464
zYjNN5szAvqg,Others,62057
bcmijXZ2wN8W,Registration Fees,176278
wTNPwMR8xS21,School Fees,360895
QCJznnnTUbfE,School Fees,70749
VNGTADTL2KJV,Registration Fees,23109
UTD5Ncimo7MV,Others,239285
SMlSIfpCZ9ba,Registration Fees,58989
eqzlRFkQtfOU,School Fees,425596
aUpiMWWERSV3,School Fees,52803
hgbvpUpBLurD,Registration Fees,222037
7yoKOmsgkJkT,School Fees,301455
PG9X5g5xmFcQ,Registration Fees,407956
P8dZCaLwigkm,Others,393032
1mTaIvFaiMaw,School Fees,55678
w3orv4EPIqaU,School Fees,161992
GWbuA9b8YCd5,Others,303765
mSrR8PuqkId7,Registration Fees,86947
guNgDQr5ldM3,Others,128045
uq5nKN3eI1Ph,Registration Fees,351374
j341QUV1CAmS,Registration Fees,171926
wM2fKeJNdkK1,Others,75046
hahSSBFXlr83,Others,182273
tfQtN3veYwzo,School Fees,99265
XiXmcu1Uyqq3,School Fees,314203
30jxcQ0pO41a,Others,78282
SkGqHWmSCer4,Others,292265
6dJeGrxjgdMt,School Fees,279710
DeAhfo8RKoh8,Others,57513
WRIEC8E85af7,Registration Fees,279829
mLiDERpRYQvF,Registration Fees,293487
llmeU5Jd8zxR,School Fees,439092
UUaaofsGIk6l,School Fees,43122
oYFMRNVmU0bT,Registration Fees,332056
hBGO1XDDqksp,School Fees,428777
kMoz0FCETGkL,Others,373577
arkPxbjugrGo,School Fees,268388
EU6YCRKraTGQ,Registration Fees,334638
4bwVu7VVTFQh,School Fees,23798
WhoqlparqhUm,School Fees,107758
cqVv1OYiIDaM,Others,346277
bStgIKQKTxqr,Registration Fees,366400
MAfrTXWwBL2f,School Fees,307889
muzGiJaiyZoY,School Fees,473060
J3jmpukLvtrK,Registration Fees,295918
8jhd6suhuqny,Others,455288
YvwTP2xSzqrf,School Fees,443726
6SM1YdeDtToP,Others,396502
qcT4ALqyGzeP,Registration Fees,89690
FI8O8gNGu15i,Others,124491
gKQypIvqxK87,Others,275720
leXrGkP1omFt,Others,483247
4emTr3OWmyud,Registration Fees,431693
C5ywRJLVr8bb,Others,206003
Z35Pd70w7Jim,Registration Fees,358467
8zluSY1y4R48,School Fees,268620
5yhsJgZE4Udh,Others,388444
JbL5iCdZKsrt,Others,212631
WTBd6ITEuYpb,Others,463880
QAm0THDrAW7M,School Fees,459927
PlhzaGrBZYNz,School Fees,129634
WV2jSe1avbUW,Registration Fees,374987
6cYoLrX82tsd,School Fees,303097
0lmA3X6XpDen,School Fees,384264
DEW0qKPoAjUd,Others,137546
5pe4eI4MwVX6,Others,268501
gugEDhA1CEGo,Others,251701
nEDbYSO3F3IQ,Registration Fees,364914
sl9RZSizoGox,School Fees,423499
NmTPQ5cuBxz0,Registration Fees,259471
xnH4YfRoWSGO,School Fees,391820
0eFBzUbqLYHc,Registration Fees,218058
G6r9BpdqSPN1,Others,278063
td3rzcZI4FRo,Others,446754
LNpbWnpSTADp,School Fees,419888
sEkX8DekgBbs,Others,358208
CgZYi0tFIBwt,Registration Fees,310649
ssAiIcDtVrCN,Registration Fees,91735
6T83lxqBoA8v,School Fees,200109
78RvYyXTISep,Others,329700
xI0neeh4eK77,School Fees,334799
8ZdnYkdliV5m,Registration Fees,131119
ma3229aPCbdY,Others,107342
42VvONMRkAAo,Others,44919
Aw603oMv5bkv,School Fees,360872
7gfOmJqlOwom,Others,368483
2UM0Tu8qBEdH,Others,471659
CdBN3zFyORJl,Others,478766
WoOfPOqow5rL,Others,112222
ndARyeODcX09,Registration Fees,231760
xt4icMWLwa7U,Registration Fees,430465
TWbW0TEuJear,School Fees,482600
ucM6cZj6OEGA,Others,214937
39gwbtDyjX8T,Others,29915
paqtMxFAvMJj,Registration Fees,137326
xdhlYZUDevMT,School Fees,269431
NotNMn2VUW4P,Registration Fees,205679
kntgZ0mowWMV,Registration Fees,28187
eHEIkjcAdXDk,School Fees,474054
zfdiq1zOlzEH,School Fees,88822
sErK3UGu7tdh,School Fees,222604
4HfQSHseqGTE,School Fees,290023
cyTAtHYfU6hP,Registration Fees,240910
7rZHO5m0tsHo,Others,78099
frIPEKEeaAnZ,Registration Fees,441232
qcw4Su7cxmpk,School Fees,206098
8zC7zK9Uz2ZQ,School Fees,258918
GoJmKdWJ2fE1,School Fees,25374
A2ejOSvZmBpC,Registration Fees,405723
c1jKvo2mFfV7,Registration Fees,486739
2qvaZoaVMMII,School Fees,114618
gS2uFFaiQTUS,Registration Fees,369600
0A0RX6MgPcQJ,Others,360912
RQs8HS5veNeI,School Fees,232374
g9dpwCdreFe8,Others,176156
9OHFyOrOCBl3,School Fees,303802
Q0e4z1RbWS5r,Registration Fees,211475
BWXO2IXGM1fC,Registration Fees,380381
tSfTdTwwLwvU,Others,32012
FYVyIyWmh2sr,School Fees,428049
TflrNc4tONDj,Registration Fees,89534
ctth2Fco0xWu,Others,92252
7Arz4T39Jh4U,Registration Fees,323693
0ZNcVjXj2zlP,Others,13654
tUIFnoJAUwPv,Others,335268
dzWhT6811KQA,Registration Fees,300075
CGtfbAsSijiQ,Others,118012
KCu4Aa1Yt5HD,Others,276693
cjg3NNnZ3fMH,Others,114277
fVDhwAhqJnPo,School Fees,496531
5hn0OKgl4Q90,School Fees,159928
2peJHkv2KSWM,School Fees,120231
GMChn7k3zCma,Registration Fees,197505
XhWPbDjx2Brw,Registration Fees,241909
H2PbBD4D2Wjc,Registration Fees,66066
vzEauNdRG2VK,Registration Fees,165421
YNz2zVlZnxvp,School Fees,100935
NqCdC9SrNDNj,School Fees,145004
W8fFt0Sa56SM,School Fees,33746
paqPp13YZR0m,Registration Fees,270217
x34HhMPZvvsG,School Fees,187906
2Z0ANvQ6YxVB,School Fees,33693
MNd5KxNAN2qN,Others,290555
s2nbx6w5MUds,Others,20923
QVURFQYObuYT,Others,234184
OMS2qlYoa2mx,Registration Fees,462327
Cth2ilifHbdD,School Fees,432320
q1OdihBlkmq6,Others,108225
AKsghqHSXcpP,School Fees,429585
5xtWumBcykRu,Registration Fees,471885
4PXTTgwJVLRh,Registration Fees,404650
itv9OWDWkALl,Registration Fees,133879
JqF1ybV7vR58,Registration Fees,322656
POybZbRO5bXb,School Fees,474123
hzBBDnFbNlAU,Others,378419
ZpYPqoEc0pfY,Others,192202
ugLqTUx1oqEu,School Fees,54048
zAvlDfb10ZTk,School Fees,371581
WlRBi9bhWK7v,Others,120932
EDB8X1eNQXAO,Others,222117
TfMR6fN2h1Uj,School Fees,297053
puC9h3ECD8fj,School Fees,23779
4D5Osfb9apZw,Registration Fees,373911
UR8F47pUUThX,Others,252514
WZfRrciBPM4u,Others,87626
wlRwsLVC44XX,Registration Fees,170262
DoUuFw6vPb3z,School Fees,222470
CcB088FzESbb,School Fees,156335
T1VmGirLqn3D,Registration Fees,335194
Yo3HJ2uNFpMu,Others,437180
dusMmGgT61PR,Registration Fees,21737
SBztczj3B4fc,Registration Fees,319723
apr15XXp7pjp,Others,334938
5vlEAD3lqPUa,Registration Fees,45457
RacuyUvBCVBQ,Others,362169
KAQU4626o5i5,Registration Fees,12560
WH98NE1Z7bxr,Registration Fees,280218
dw6FWV4TJ4NE,Registration Fees,213673
c4nNcOQYxHjI,Others,271814
2qOJJKV3ttZs,Registration Fees,285504
pp6CZib3ZPzh,Others,308938
m1zwVORT2cjn,School Fees,147521
WtT4wGiFEdxT,Others,314690
WEysX3UeydvS,Others,115459
G60vYf5Kzk8q,School Fees,255620
IJXXWVsdZIaw,School Fees,444613
nX9b1Uki6D5D,Others,81108
2UAlp0Uq8XMx,School Fees,135050
r0bYR7aTlYiA,Others,227325
7H8IbpwZMIwZ,School Fees,263231
MIgReJfjSvhR,School Fees,399512
5MhyGfty3jpa,Others,297193
ReRSW1G93U7e,Registration Fees,440181
QKgurtTpxrUZ,Others,93336
rS0F9v0bBQ92,School Fees,389867
X8u4KcgAaz5u,Registration Fees,56645
X6Pxn2ouLiuq,Others,177998
E36Cuem5NeVe,School Fees,330709
x4bKpVWE2iFk,School Fees,86990
GIrb07jkUDHd,Others,109976
nDdx9MmotITa,Others,14464
lQaIvGEg3XVI,School Fees,28483
rjYPEELEAY1v,School Fees,229060
iX3aoAh6eGnR,School Fees,185236
057qHH9HgjYO,Others,30654
5clgeQFjhMED,School Fees,231089
arzLTinj92Aq,School Fees,188996
I6yMmWUz9Cs2,School Fees,388383
0nAunpIiO011,Others,357366
ntifTCcQiidm,Registration Fees,358861
jQF3cv3KxeY9,Registration Fees,87964
PNUBxjEDbtyL,School Fees,499705
glSaA7mxFydg,Others,147359
GatnrmWNGp5M,School Fees,230441
qdmZ3UmFQg7P,School Fees,14389
vRu1oQYAaJHp,School Fees,365197
KJay4g66WZz8,Others,474368
7A0PN5Kunc6V,School Fees,143416
BTFuKsSRB75P,Registration Fees,489717
8mcMwERDp2i3,School Fees,193061
aWzmQu12k8Iz,School Fees,415006
ma5NjUNLxAcM,Others,435858
coZo9qzC9FaZ,Registration Fees,191585
aOoIl1gj89VQ,Registration Fees,347549
E8pjDmJw86G2,School Fees,205894
EfiHQgKYf9zv,Others,174283
eXq67W32L76r,Registration Fees,15653
xpvkFlpU6Inz,Others,247910
nznK9VPg1DAj,Registration Fees,475814
ovd1aluVjShp,School Fees,269275
G7kbLye8XnsB,Others,282154
DrQIX5YYUQQH,Others,172948
CKjsu6Kf1lr0,Registration Fees,414746
guiy2TH2SbmK,Registration Fees,115138
gCpFCZOAMDOC,School Fees,145358
u5usj1OTQp0n,School Fees,362846
HjiSbakxtvU3,Others,204205
IDk9qJmknbSt,Others,289332
944P4nLhKCAZ,School Fees,291270
OENaVPBB6sMj,Registration Fees,358829
JO8JkC81kHl7,Registration Fees,278909
MIdlXXzRTMzl,Registration Fees,306020
L8UPQJgeFycN,School Fees,398740
dvN8NQJJ4Xtv,School Fees,150939
BMV88U7wf05h,School Fees,343455
ym13mAF4HX3C,Others,204238
6QSeS5QludFv,School Fees,167920
EYwVLVvHs1wf,Registration Fees,111756
Dpz5Y1Dwgzfq,Others,341024
CrfDzOgMaT6o,Others,437542
Fgs6jQyhw3YB,Registration Fees,203508
mzOfzoyX4djc,Registration Fees,125155
1q07Ods317Pl,Registration Fees,35674
KrqNfoHJunSZ,School Fees,365309
z4LPnAKJ7w9L,Registration Fees,366007
7sXnv6GHmcCp,Others,175096
3Q6cweNRh4dp,School Fees,111239
v27bCQBpPjLm,Others,425376
QUSCKgN8hVGO,Registration Fees,390037
zNysKpbItXss,Registration Fees,307132
wYivVVXuy6RM,School Fees,104659
WO65AVwkNwXC,Registration Fees,205352
YVY9Xsalsvff,Registration Fees,332595
l9ZXlPlfla8s,School Fees,106944
1OGe9MONEZmN,Registration Fees,218175
Yg0PyypIjYMM,Others,468200
knNVECPtkEi8,Registration Fees,229301
MByaZH7wpr6M,School Fees,100806
eSbpf9i5UZ9P,Registration Fees,265771
FLs3bduPUgyY,Registration Fees,269959
wbhPiNGK4BfH,Others,106437
gAqArzTpp3wK,Registration Fees,210782
eKhyTZAbjFrj,School Fees,312428
L2XO5cK4Wc98,Registration Fees,288037
CtjWqK08V8aD,Others,40580
AlJ6wE4CRFDe,Others,159313
VZuwi0x5IZNu,Others,298143
pNNsvpwKGBtb,School Fees,390717
bo8eCIMQWva6,Others,30119
BPFCDujdxUQY,Others,339882
2zGHEQR7wVXq,Others,128289
P2kMsZB9XHrw,Registration Fees,255435
O5mCeqtYr0NR,Registration Fees,492639
ujuGlnh2mQOl,School Fees,15606
CQqUMAub3Ifl,Others,471129
RHno6Piscc3D,Others,250541
4S6ZSXNgshQk,Others,318429
ptpaOO1pqUrA,Others,418703
SiOPLV7diqc2,Registration Fees,255369
Wb6fsSMeoWqS,Others,312007
h8UK3MsMylKm,Others,78507
PYpbRZBzGMM0,School Fees,248634
Et8Omvil9W37,Registration Fees,276995
eJjHsw42MQdf,Registration Fees,255071
faDNhVwHFlpN,Registration Fees,383891
3CerZojJ84q0,Others,248499
qEr5jskge0Lj,School Fees,126349
eL9p7NL0kWXh,Others,106403
936Ob1XMSZT0,Others,61702
ypuIsq3bjic2,School Fees,276362
UAVbbjZNk2bw,Registration Fees,170679
ojTypVaraKHL,School Fees,341830
813lwpdycLHN,School Fees,88548
OmxyVCtIrYD7,Registration Fees,106191
hiA7pz9EEZYR,Registration Fees,215976
ZhCYWfoHLSbR,Others,403780
aK8DdQsMewvS,Registration Fees,428935
4U0tlHny5AXv,Others,75597
8Sy0QsKszi2e,School Fees,82577
Fz7QbMxBROMb,Others,226674
O8FABJ34Jhe1,Others,497877
7RrOIUU1hvJ2,School Fees,494803
8EydD2t9lHNH,Registration Fees,72361
2ySXmpiTJmtX,Registration Fees,293194
7Tead6zkstsj,School Fees,369449
KO5CWR1Ta5eC,School Fees,313533
BMOydaHwfmvh,School Fees,439855
hTqnKMaba0iK,Others,290478
HBCzwtE5fydC,School Fees,248095
TCA1GQaqTkwp,Others,352498
cyhnWDmzSWW3,Others,314075
xDaAd6k4Q7P6,Registration Fees,332130
CYfWJKIjZvxr,Others,69914
gob9lRKXFGA4,School Fees,481909
r94jOVIaOGDI,Others,304169
7ajeBQm2G2qr,School Fees,48203
FwoOVS9RXjM1,Others,460877
dNzcSafuUF6H,Others,151850
C1qtfNzrLSpp,Registration Fees,283327
eUnhGFFzC7Q2,Registration Fees,495013
sFbBqlTwEtQR,Others,391000
5ea79rGE2BJR,School Fees,421910
jLTGFzrLQa3e,School Fees,434525
ZNIIjEebnmJg,School Fees,480713
3aOEgmhP9Ex3,Others,358202
a2p1rJ1zQJO8,School Fees,11225
ikzI0Y7jVChM,Registration Fees,86640
F4QYK1P7LmUX,Others,273192
vhYWD4id3m3r,School Fees,199509
TUQjJD4688ru,Others,367180
ppVv9PLyA2uq,Registration Fees,348675
jeIdmQybMVcD,School Fees,294368
i7xN58jWyroC,Others,198531
nigYvc2DF8Pj,Others,266260
lKxjwuqChDMz,School Fees,413173
b6GjJcgqeIQH,School Fees,338523
k1pbLkvlekwY,Registration Fees,386952
YT0Tl3f5mmfx,School Fees,252022
pWexyJQDTegM,Registration Fees,82294
ncUW81mHGt9z,Registration Fees,142605
mPSOsuXoy7Uc,Registration Fees,39528
1NvdnIn31CGW,Others,88535
FykN9vRUtamd,Registration Fees,199566
yi4tce8zk0ng,Registration Fees,257730
68GtAVPgPv7G,Others,184029
NYdg4KNNiCWk,Registration Fees,163263
2wSPJIBOE1MG,Others,360118
C2BnLWEkeJwD,Others,220639
Cep9Q0jUcrBn,Registration Fees,104450
6GWttE5MqaS5,Others,409084
sCmXZehTiSTA,Others,123081
tiE6BI9VLcQL,School Fees,67513
6A77IVPLzXe0,Others,265597
qQTGwu3i1qsX,Registration Fees,47447
v7HQjKG5RAVU,Others,193359
tiz50I0jfyHp,Registration Fees,100613
oa9BWL9fgYah,School Fees,126791
R3BPjgkKPTpa,School Fees,336349
Yy5gwkPUIHMq,School Fees,182495
gdWebqwDxfXA,School Fees,242787
AdSLq21rPak0,Others,357422
OjgBceMLqodm,School Fees,153293
zq8Qk5dxFRH1,Others,166578
QstCcH5YnhpK,Registration Fees,147930
J6sY2Q4Tuj4Y,Others,16989
epo4YKTkFHcD,School Fees,296389
zhHCK8BS3A4i,Registration Fees,381534
Jsz7guy5Mmxc,Registration Fees,238735
p7tlqEJCuReP,School Fees,380226
rmHVrN8sJrKO,School Fees,90997
ar1BBUml064n,School Fees,330272
Iu5zMcFP2yB7,Others,351483
wfCMgw5ldrAr,Others,124384
1oD2HOoNioo4,Others,496559
mt4i2RSrokVw,Registration Fees,17993
5TleyTlVM5g9,Registration Fees,310657
OimnMMWQ8vGs,School Fees,169197
0qBA0iIx6pZv,Others,496606
LlaV0tkOaiiu,Registration Fees,203678
aaurwjq3fUu5,Registration Fees,437066
kLgLO5JVMiAm,Registration Fees,335429
bGNHuYgzPY0x,School Fees,372528
EeBnSx2dqcEH,School Fees,499758
viAUwVzuDWpd,Others,260027
kEuJqeZfOoQt,School Fees,43090
V8RohOUVkyiu,Others,171436
nOFELcXxqE75,Others,59169
BAgXRgvGQTnK,School Fees,441022
RPBkzsZzYdJE,Others,294070
zm3fTbaVgrGZ,Others,51211
ki9uZTleEef9,Registration Fees,166064
hl8k7NITYZRX,Others,392380
aXrn7w37Tk3X,Registration Fees,256739
9yRwtK6dqjw5,Registration Fees,441250
Obq55KbaZzpO,School Fees,298266
U0MDCiS7XtQ1,School Fees,397362
qSQAj0aWfZN8,Registration Fees,292020
0LbRo2jtznxw,Others,186352
tuweF9JhTCxU,Registration Fees,26117
z7jGaUDZm7QE,Others,99383
IKocLMVdSxR3,Registration Fees,89210
fXpkepdVcZP3,Registration Fees,43605
NDTGa7iUnCxY,Registration Fees,421504
gjaadRUbqn5U,Registration Fees,313137
y2WdYlB3vhqJ,Registration Fees,29118
NgWNnl7dYrLh,Registration Fees,256223
cq21G1da3fJW,Others,270689
RsD1shd2fGor,School Fees,94728
xYO9bHUgvhAg,Others,466170
t31bfzaBdXiQ,Registration Fees,217383
fsfkP8BHL7pS,Others,98151
MjltxYeGeGIm,Others,260270
TqCdGHAqyqzY,School Fees,30897
5maK1hDob0SV,Registration Fees,157772
1EHVLKnzCJQ7,School Fees,160339
9ASYXGF2H3mH,Others,241715
McWq6cgrVOc2,Registration Fees,49725
CwXgl58yLDS1,School Fees,32831
7eaqPXrsEOc4,School Fees,263154
5OIwToPH6kvF,Registration Fees,72270
wjOVPxlKBP1I,School Fees,301052
dA6mWXAZCAOi,Others,454685
ysXuC3HFSSdH,Others,198922
XBiFdvQJT3zr,Registration Fees,225056
Yxe52BDCDlvV,Others,424093
q3xKCVYfWvEy,Others,112314
Kzx5oDI1jb4v,Registration Fees,102538
UBuJJnPVkqNn,Registration Fees,112208
R5xOfkV2Zzyg,Others,225117
LPLvQxWVszRH,Registration Fees,128986
1bbrY14z4w1r,School Fees,363639
hJflrj7RuuT1,Others,376978
9BWpEpDmHMLn,School Fees,444388
rJboSZy8CJb2,Others,312135
a3fjcFjtnvDm,Others,164904
qQ8nMcdr6lNN,Registration Fees,444570
8ZNAYUcZo9OJ,Registration Fees,306478
SoF3lH8vuLOm,Registration Fees,12915
FucSGCG90puJ,Others,276968
uDkOIhtWt9mp,Registration Fees,386454
Cxibz2ltbmaX,Registration Fees,221741
gPeY5le29Ipk,Others,355841
IAfFl0EIKuFE,Registration Fees,487868
UUE9ehawRiOX,Registration Fees,51703
kmpOfqEoROgc,Registration Fees,449259
dguNNzWrksWE,School Fees,200550
Ui9TJ1MNryd0,Others,494816
DrkUGodZ5oDU,Others,31264
A2kd9AyRPkKP,School Fees,12796
eClnv2sxWUDr,Others,210304
oArpE6OVvrMs,School Fees,499465
OzE2trXBXGyn,School Fees,131192
pogydc5DVssi,Others,187893
A8nfpChcyK4U,Others,156147
mdplWdmM3iCM,Others,378059
qnWqY4xi1RXZ,Others,253825
4y4A7Djllg1n,Registration Fees,456695
eXzlBzGlaBbZ,Others,451612
m8P5SnLI40Nj,Others,192839
uhJPcFcPwIwh,Registration Fees,319238
MnlIYoGrDRi1,Others,121629
PdOejZQcgcuM,Registration Fees,222098
Gvu0daQv5TQL,Others,202316
r1A6NdyQo5Sy,Registration Fees,376024
9bkp8b9CoMhN,Registration Fees,465791
cfys5e0jPJWH,School Fees,432025
ywlnkbZwMitk,School Fees,82344
r1eVtRQnV2o3,Others,317475
GyUomlWdKYto,Others,335450
B63oNQBfUDzs,School Fees,364177
dX8yYm7s0kQF,Others,493884
7dxjPYeNKJr8,Registration Fees,79440
CZSn004tGJrZ,Registration Fees,479682
idpH0t5aDxuQ,Others,409101
gRXP7cPNWFo3,Others,375158
AUvqKmQCnyaq,School Fees,268750
THt5pzJdTsDz,Others,323676
JeHX6lHXpWXB,Registration Fees,371334
LGxvoa7Kjkkp,Registration Fees,256118
sArZ1xYffQ2x,School Fees,120067
ifM3IW558qtg,School Fees,383823
KWdCBF7tWzxq,School Fees,323278
SIQSDGG2wVeg,Registration Fees,285726
SW1qImv65I8w,Registration Fees,206130
UrPwYTiH2hAU,School Fees,88108
0Vs0dHLUzt58,Registration Fees,57672
u6Cn1GPKVfUY,Others,89839
YTHnq1gf8wBL,School Fees,365753
1M0KXbfmOUQd,Others,275137
cS57mzGnV94f,Registration Fees,183578
dhnQNOHneR65,Others,84287
vJqJVgRQs4gQ,Registration Fees,42400
iMwDiveFWo2M,Registration Fees,305426
wlyiMaFLvB7L,Others,23701
jNRb1HsruXFQ,Registration Fees,19120
aaIfKnI3uYjS,School Fees,204784
0SSJAbBryO1h,Others,208864
LlmXQKjANXq0,School Fees,177779
9xry5HNgSjTf,Registration Fees,465341
LBUhJDoll75C,Registration Fees,29772
UqqkeXOzN3Yu,Others,362044
so6RHJei8v16,Others,390863
l3wFy6sqzPga,Others,473122
w8zLESUVDlP6,School Fees,201983
LBUZmVvlhENV,Registration Fees,496080
YLCzJZZPaCct,Others,141125
Qd6DXWpYslS0,Others,260410
9Z5Lqq8fyklR,School Fees,384352
ZBEKIT41eQhx,School Fees,239063
mckXYsO4Iqfp,Others,165015
P50WWcmxlaLc,Others,454756
g4WJcbD0MYm3,Others,404585
3oskJkBNjqRA,Others,152312
ZhehZ555G0Ly,Registration Fees,280865
VWKuAZKgD4M6,Others,246756
7aNntF8II6Og,Others,441315
lc1ZweAT9p0a,Others,282750
IzupXAyDoQd6,School Fees,28538
oCaB17OycdXR,Others,80500
EJLP6VwHWwAB,School Fees,483135
ZdEkLhSwcVW3,Others,76483
bpfSBFGkyLfX,Registration Fees,325994
FeqX3iTV9n94,Others,189332
9cfnMBwc6xCZ,Registration Fees,248507
KrpdsnbXdxj9,Registration Fees,351714
Hsbz2QhOJMSb,School Fees,213033
ef80444U8h7Z,School Fees,273380
Vi4YG51c1W9r,School Fees,356185
rfAVqwGUy5IR,School Fees,131001
4HNeYMNbupNb,School Fees,357215
f7k1Ki83Zn9N,Registration Fees,485300
G5FOXpoGXTkG,School Fees,475180
DvLfadrC8E5e,Others,457356
3ngljN2UEb6g,Others,28333
zB9PAwyGHumW,Others,451533
oAS50c9CJp2c,School Fees,53396
gdA71dVTnCp5,Others,139346
nhfV4FI3qgYo,Others,273325
LL0rxwesIISE,Registration Fees,232286
sDP3xY8wHoiJ,Registration Fees,381022
zkX5aDwp4W4T,Registration Fees,143153
7AyVvdCCziyG,Others,84299
KH7qr80YPB2H,School Fees,370172
Bg3Y7tibThLh,Others,126437
dUPtEZlLILVL,Registration Fees,46668
jCnCIMkBIVuW,School Fees,290126
CwhZGMS1451k,Registration Fees,306931
ClOHQ6tNiYWb,School Fees,102211
KF1eLwYbmbo6,Registration Fees,114148
vKwAnQZSeW51,School Fees,451022
e7pjwgC3rnh5,Registration Fees,244726
gzexpX8kSeou,School Fees,174475
d2SV7DKstRyW,Registration Fees,264670
mOM6yUU8bBoo,Others,329182
NnvrmB2zHstJ,School Fees,390277
KlYnZjX6qDe6,School Fees,342578
chAHFFiQEHtq,Others,397280
ZjHOuEoYHZ6I,School Fees,454350
CReMBSyXbvYt,Registration Fees,357137
jU998JCCwjmY,Others,166746
I41cwjezH9f5,Others,182012
dRxlsFZI7TG2,School Fees,376808
vJ85VAGz1hSw,School Fees,209520
yPaYOemYenss,School Fees,478227
G23wjqRIneRl,Others,165430
hb2OBBECdwDh,School Fees,184923
md8eOJDKmBRl,School Fees,328976
2lg4SA8cUSTG,School Fees,309935
AVRzYqZw0y0u,Others,473414
uzNudoh5fqGj,School Fees,253025
RTlG4BHBX5ir,Registration Fees,257833
uYbvKn8FVnfM,Others,218831
fOn1D0WjAVxY,Registration Fees,35008
ScwH98fKMNc5,Registration Fees,256649
FAArbLIDwQvE,Others,18033
HIAjofZlgUhe,Others,405457
yL28N9z3kkn4,Others,220447
f16tV24pM4JI,School Fees,234205
HiiRgRABQeuV,School Fees,348656
J479lrBGcUM2,School Fees,217383
92pKTlfvJX3f,Registration Fees,294337
aHhDDNWvXOZt,Others,29630
ws36w0AurP1x,School Fees,351138
iUxqRNTE0gG4,Registration Fees,408905
ANkKK3haDVzU,School Fees,285140
zk5CtRDOHob1,Others,250165
TBsZ0UsUyRiB,School Fees,414985
5DNT1OeXEfBq,School Fees,186845
9uyZtI6tcIFx,Registration Fees,66553
1vnpsdTilSwi,School Fees,310526
mWI40KorEz7Q,School Fees,290375
phpoJ5vrNtve,School Fees,21976
pVATQD1QsAua,Others,415624
Kg2M4rPQiCh6,Others,48204
TbsVCMcTuTbZ,Registration Fees,15010
BUuYAv045YAk,School Fees,369623
cJ5yUss8LlcM,Registration Fees,297999
arSLRkJPve3H,School Fees,123045
72Bg9U8HlGgQ,Others,226139
vZ1WHgS27jQA,Registration Fees,190374
i5qEyX7axlwQ,School Fees,223244
A9uaqJhZvYaY,Others,460091
x3yyVbQH1gOz,School Fees,144704
XZMWSVc0H2rv,School Fees,260731
oXQePuyLQKUt,Registration Fees,368950
pmeg0wPHc2ap,School Fees,311122
Bvk2uafNafjU,Others,380229
UA8HLcixicld,Registration Fees,156822
5rQvYVHWoY1a,Registration Fees,113617
H17uAochKesQ,School Fees,45613
MhACypfqttEB,Registration Fees,345471
y8lPa96BJbaF,School Fees,156133
q2U0HX6ZH2aD,Registration Fees,159605
uUWFW9D1kuuO,School Fees,106316
h0CYX7mTOVCz,School Fees,310648
hNHNrDddIkcw,School Fees,274817
Y6By7iUCpTJl,Registration Fees,95505
7y51AAaI6DNV,School Fees,17015
KozfL4hbdOiv,School Fees,478864
ujkXde7Ek2QL,Others,177852
rhmsCkbIOnqM,Others,234695
4QUCQtsHGniH,School Fees,414235
6o06ZwLbGXKx,School Fees,121450
fTWbPdI0vox1,School Fees,489180
Lh09sCFpgHyC,Registration Fees,292993
oGe1b92BCw04,Registration Fees,126600
8VmvnqPewbrQ,Registration Fees,312152
8OH2wwUiLfiu,Registration Fees,148793
3I77q0mwYjzI,School Fees,312089
7BArLYU6dN2E,School Fees,426820
T9HfirSf4vax,Registration Fees,78293
PTvzMjAhN19G,School Fees,386463
hTtJny1iigbG,Registration Fees,150063
aua5bg4caOtE,Registration Fees,191217
uZHpVh5WEQsS,Others,310750
1mV4n9vQZMMU,School Fees,113952
UHYz254mv7B9,Registration Fees,145353
uLmXe67zS9WT,School Fees,390476
WSdKDyqlyN7u,School Fees,112837
GZnb0ZIDVFjS,Registration Fees,231103
2ILXzjJK1N4z,School Fees,247432
AqrgF0STrFPm,Others,475312
Z0SUdVb9knRs,Registration Fees,158415
90YJdtQUG8iQ,School Fees,246983
re70KMXPWFwe,Registration Fees,84589
r5zzdB7tdqOn,School Fees,297543
ep4GQ1uMOCFu,School Fees,439303
8gxa1CK5laIf,Others,267710
NUxRSGFQb5Dp,School Fees,282946
Ucg8fJLhV61Z,Registration Fees,261046
SCs4wpFweXOQ,Registration Fees,75365
TJ6kZtsbYoaH,School Fees,224000
zpKG7RX4e89V,Others,303948
MMpRcSQswhMS,Registration Fees,293354
wEhnZ3Z2wf9q,Registration Fees,151222
eR06GfedDeOO,Others,365089
VXWOUvB8u0fP,Others,329370
LwpSvDMwIs1d,Others,373192
fsQKTlnFQgEu,Others,350039
IbVLKLDDknxp,Registration Fees,297880
TLxAboyalEE3,School Fees,96652
4D5odIxUcOdF,Registration Fees,232377
TG9rVAba3oiW,Others,476477
OkbHpqr5de1x,Registration Fees,335594
sIxmIJaPbfhr,Others,257864
OkFxLcYHECft,Registration Fees,198466
tFIohQPWmK2i,Others,58028
WF4zVTca0hA5,Others,404123
ZCkHKyLqaxHj,School Fees,442171
ckb7kJH08vqA,Registration Fees,150535
9WbzNU1N8dzN,Registration Fees,125359
p0w2TbfxR2j6,Registration Fees,239832
VIuXFk3iHejo,Registration Fees,267958
yYq3BOFCMBvP,Others,14741
nA8HYCuD8NAg,Others,130510
DBQ6wS1mcL6a,Others,430866
i8Pu4i8hYJs7,School Fees,116750
gp7QrTWTk3mY,School Fees,169933
Llc5yCYXgesg,Registration Fees,374112
i5jHsWzx6b6R,Others,370728
wcBDNAUORivE,Others,444447
UE07q5leF9Gi,Registration Fees,342396
1So6HaZxeFNV,School Fees,167569
XCRiNYj0tRbz,School Fees,283806
Taxzp33gshMZ,Others,266745
tEcf31vKHwtg,Others,90488
Ky6TxbJWEDYe,Others,18956
rtkxCRSDNIdr,Others,72988
U0gsOLmdSESB,Others,136533
XziT78VastYW,School Fees,86560
RsdMyTGOqdf2,Registration Fees,102193
jozGiuOq1a8y,School Fees,35748
TQMXtWF8pjEo,Others,355098
PL9Y3WIBz5Vv,Registration Fees,25889
eyKhsQ7cHCe3,Registration Fees,461066
dhX7AMmnT8W0,School Fees,45045
uOYe8e6neukT,Others,473015
Tdxoqf84xuEQ,School Fees,172971
evLRkCyOk299,Registration Fees,29799
REVDCzXzkSoV,School Fees,89583
NazuOwphasat,School Fees,360325
ZsctLtXfnQdO,School Fees,310811
uFaGfJ3lggp8,Others,335326
Zwhyr5qkqgbx,School Fees,154549
vdODWaEKqoQL,Registration Fees,403030
MCDYB5dFI18j,School Fees,234675
1M7PDtk0VJlO,Others,381333
4o2S7uQz624U,School Fees,150665
P9uAKhCEBt2z,Registration Fees,422983
pSDVrp8rITwN,Registration Fees,384176
Gj7Yt0WhRVuV,Registration Fees,219149
BYxxWSRmsMdt,School Fees,269976
rOusXZ2nYV7B,School Fees,323203
s8RWTkeKsofi,School Fees,190649
SQluRowF7hzP,School Fees,136112
n8I3YL2uebuq,Registration Fees,113081
rBJKEXPl1e51,Registration Fees,138971
r88vRfxl47Wm,School Fees,39900
VvxbSwBGsiB7,School Fees,198395
q9vczeOUbadL,Others,274055
asXr0IbnwUi9,Registration Fees,320964
WZHGZTwZlbZ4,Registration Fees,404979
fzggeckFE9FG,Others,142026
0aqis7IhVHTd,Registration Fees,387430
ux3av7IgSPGT,Others,229237
oJGIpdzEQUQd,Others,153901
n7DMUh94z2gn,School Fees,464963
Zt0xsYgaZvfB,Others,235997
3SPWFGnVnK7R,Registration Fees,177422
QzcJoIgyCucD,Others,491731
YcZ87KY1o758,Registration Fees,85317
8cY2ssSEWoTT,Registration Fees,491691
9JXwXCas6NsR,School Fees,402923
PvMylfWJtjta,Others,329544
t23AyMByjlFl,Others,210098
Jt5pMdy0TwsH,Registration Fees,81557
kWrwQL8SaQIm,Registration Fees,446946
DDVKdcUzAQhR,School Fees,12152
DS7GdgBtGubC,School Fees,363623
c32nVYfuoKuH,Registration Fees,124963
J76jkcaRuHVf,Registration Fees,15821
X16Kz9DBt8gc,Others,278203
j8mXgoUF53nt,Others,16803
ORJqSmxY62Il,Registration Fees,413958
X3R1eousA8JL,Others,307871
t1IUqfViqy7V,Registration Fees,379386
IcFkx25G0kVu,Registration Fees,74569
Va55dnjcX7BR,Others,104079
syvPEz3ly9Uk,Registration Fees,221363
7S01m47P7qck,Registration Fees,50718
oRSua676vTK0,Registration Fees,353039
QPeW5VtyI2DT,School Fees,253110
rgd4jfSQkXUD,School Fees,313778
oMA6G6yPdudB,School Fees,339348
iSmEO01egK8b,School Fees,243418
SsyxaZvMK6Ui,School Fees,57354
x1D2kFddbClC,School Fees,42878
PgWTa40biB8T,Registration Fees,83312
m5NntlQv9EpQ,Registration Fees,41991
HcsIk2geZ4Vi,Registration Fees,232490
7yMqWXreCXCh,School Fees,43376
4VhuexxhrsSs,School Fees,293233
id4CG1Qxi1Ly,School Fees,198195
qxkNSxCYheug,School Fees,185732
qRSNvP874IS4,Others,217420
iTtzfwl4M43V,School Fees,212026
SD4dLzmIpw9b,School Fees,482992
mdCiit4J22mW,Registration Fees,185398
QOIbOPwtgAzD,School Fees,177715
a29SQny61gnc,School Fees,173037
J5v4hayQ3SFf,School Fees,382268
YxabFSUBX6U8,Registration Fees,193621
rg5sdIDeRfsS,Registration Fees,56975
CE9CEYAK3B6B,Others,51242
vexvR38ergFu,School Fees,367098
mnA41Q07jx7J,Others,227971
vHt5kfx7QHos,School Fees,340715
KmEp4StHrPYi,School Fees,74576
5bOwP34p8VJb,Others,134897
kN4ZvCZaQSIV,School Fees,292074
SvPFgkypAv8Y,Registration Fees,214584
rcGCcKRixFTn,School Fees,27596
l79e9UKhrahn,Registration Fees,254736
HVDENycHQy5C,Others,97583
0fmE0dnpqEoS,School Fees,386610
sV2H5m3De9Id,Registration Fees,324277
QxAsoczXhG1o,School Fees,365228
12oypF1cbYBR,Registration Fees,435838
8kSHod8QPdop,School Fees,302261
lrwxUJUsGU1q,School Fees,85773
fAHq2r6uCI2t,Registration Fees,117137
WLXx5fcAYu7I,Registration Fees,130494
QmGelscap7N4,Others,387011
tnUU94ny0qmB,Registration Fees,41092
mjLQ21eB8w2Q,Registration Fees,138094
hsJVU92zDsKE,School Fees,369215
Tsg8uA5JKStU,School Fees,403757
JYxNnWaSJdXy,Registration Fees,119114
7tybBlBYrpVo,School Fees,300982
l23NsGqEcwzG,Others,368791
8NnY4Ksd8ddZ,Others,340947
0weBAQFAePUq,Registration Fees,477285
IHR7dvEEwSVL,Registration Fees,402833
i3bVi9Mv9M5R,School Fees,256251
YXR3EgyNpxtv,School Fees,223557
hm8UNGzCBTx5,Registration Fees,214062
2gB2dAtYOnSb,Registration Fees,297789
IttBaH7A4WoG,Registration Fees,380014
lR7Zrjko8UkH,Registration Fees,109785
3enTM5cRik0U,School Fees,175720
qOztN38dXpgE,Registration Fees,270389
COm6mw923neB,Registration Fees,191019
14GoDVMeexE1,School Fees,72941
YYqt9C6lNeYg,Others,166377
VcNIdHH4zgxr,Registration Fees,185426
vWbKQmcrDIqm,Registration Fees,307478
svkie6VDcc8O,School Fees,396922
kamfilWDJPoG,Others,437919
6Z50eDko9JA0,School Fees,413155
jmaHH2VjJ1un,Registration Fees,447293
Hb9bQwEoXX3O,School Fees,368541
M8AQhBbd08el,Others,169049
YDEqj45FEkyF,Registration Fees,207627
23ATdLgd1Ujx,Others,447545
hT3ZUGIqtLWc,School Fees,467026
5OZf5LG5VXcC,School Fees,76780
e88zg0G9LtuM,School Fees,301850
pcCCgmup1wLo,Others,228042
BE7BspfRiukl,Registration Fees,454925
Q0h0NFIxi54m,School Fees,374259
Gz78bZvUPZQh,Others,435928
dDQbAVbYOKOS,School Fees,442901
3PEoagXWzvTv,Registration Fees,192064
vg1xliMi2wjb,School Fees,441032
tJh26odPKJmd,Registration Fees,236861
j9OSxscCGTdr,Others,309767
EogjItBmQOzc,School Fees,68941
Qm1uXIAFxF5a,School Fees,345956
4K3lRlYVRQO6,School Fees,380865
T6swCts5FZz4,Others,117395
3OvedRIMvfwp,School Fees,288857
pfM6BwPmlazu,School Fees,183215
d5RNoEEA8peY,Others,107456
qf4WIxy4rgJC,Registration Fees,410952
sN1rV7AF9Lwl,School Fees,23732
wekHijO2Vibn,Registration Fees,101310
GXYrjqUuqRGt,Registration Fees,404765
4zjgG7yrVXcI,Others,179540
SbBNt2bo3n3E,School Fees,335519
owjDnHDlwTOc,School Fees,37209
AI2fCQRSUD2T,School Fees,174865
ZzJtqFj8HYhD,Registration Fees,249655
2T4OHly3u1Al,Others,376707
XYFKH2GAU2JK,Others,317646
YrL6JhTvOWzF,Others,298542
dNdGQex4dplq,Registration Fees,237268
eMQXevXEXzpU,Others,323336
8nWGgFjnRIWk,Registration Fees,102449
sL4EQZ3V17qv,Registration Fees,403589
wexT9d5PCSz2,Others,18386
x4hXX5kqJNTT,Registration Fees,348463
M2V4oVhJmQGR,School Fees,258006
1YqDNUdtoQ2U,School Fees,242673
IiTVI4PIF22s,Registration Fees,292993
ma6nH1H53Ew9,School Fees,179954
CrLY9Jg8R1Ep,Others,115155
SIZC9LHf90Wq,Registration Fees,75358
e1T8W9km4tLC,Others,42851
Wr31PrnJToMu,Registration Fees,356766
kTcmpzE1l0RB,Registration Fees,335712
KdXU54rFwhCr,School Fees,227932
pA166V9Lv74E,Others,477522
OXweyefPlzlY,School Fees,63191
228ocg0KloNv,School Fees,32092
zB1WyzgljPhO,School Fees,183110
22hMM1H1JVBO,Others,230301
8Tm7ZF093XVz,Others,134093
94hdCEbpBoZ3,School Fees,272048
IzcRYhSy5Gw6,Others,116402
9j8Sm7YWgf8v,Others,332467
KUuFZlOhYUgj,Registration Fees,442967
49bONykgkTV5,Registration Fees,373018
zfqqH6Bv6TCU,Others,107205
0Y1OdfUluDcF,Others,479773
PwAt00W2HRRt,Others,71528
iYvqBSEeDwBj,School Fees,121202
ShSHGvM8dqOk,Registration Fees,431497
RDu5kA71q88W,Registration Fees,310860
fd6crPU7ZbRW,Registration Fees,467404
eW4MSeolWaks,School Fees,248027
PbnjOaCKbR2R,Registration Fees,318347
RCD9BvMKL8Fy,School Fees,342693
ZfY1NxlhxSDN,Others,136613
K0GbmeTEf0Xb,Others,404951
F3NWfNvIm158,Others,119106
5JrpQHWt8F80,School Fees,332892
dkamKBW74DjT,Registration Fees,267261
TA3Th2wUtQ26,Registration Fees,209849
mxjARF9XpJNb,Registration Fees,33266
f2gOiK7uS87j,School Fees,61359
aLFJ5zyeFcll,Registration Fees,26470
TSKSbBFeweqt,Registration Fees,336001
aLRnhNOO95Ww,Others,485228
dCJtkoVcEGFj,School Fees,227416
fPnuSUYN16XY,Registration Fees,494597
CaXnhxwnDsXH,Registration Fees,401561
DHS6DLakU9vp,School Fees,392558
vZ3fQb7IptJR,School Fees,276002
EcqLCt9sv628,Others,350874
jvLFkLoPPHBV,School Fees,455416
zgTXRF75mr26,School Fees,223636
d5hUxXopMWKe,Others,358053
0kaXQUX0TzLr,Others,380099
t21aO6yt2uiD,School Fees,118594
tmvqaqh1OvkD,Registration Fees,39843
FK0txHvNsYUC,Others,76945
d48GYBxPZwa6,School Fees,313594
adE3whK6b7fI,School Fees,304685
QdSpUSstI3Vd,Others,71362
nAgP00vZoC3J,Registration Fees,156910
GNt1Xxui3o72,School Fees,134719
XVbyHLdDQ2Jx,Registration Fees,349365
WMk66NApkbAU,Others,273103
uoUHDqnWBxhi,Others,85232
hertYA8uP1xa,Others,264638
PNQ2jmcaJYHr,Others,269180
FUheBsrGRQme,Others,35599
P9tdGHHBFRtW,Registration Fees,177179
WwwEHsJGQjOI,Registration Fees,203606
GKP6qRzhjLOd,Others,480427
HINQbio7YOU3,School Fees,111643
2jOtAumz8mhz,Registration Fees,255106
knZabPfW7mBq,Others,499953
iQnBMswyQmqi,Others,320786
1hF9Wr9NTItE,Registration Fees,168642
GXb9eoYy9sCL,School Fees,126044
SoaAaHKxRDJU,School Fees,331908
HAnaCocgPJFK,Others,182735
qaQjORVz6YZs,Registration Fees,37718
EopjEqk7L9FE,School Fees,328308
KRTShjjylYns,Others,11528
CTCUdYNYQllu,School Fees,300152
g72axpawJusJ,Others,233680
EXZRp0XPPsew,Registration Fees,358895
cjJ3zSsiV8g9,Registration Fees,195150
AUvTkgxXO9cu,Registration Fees,67727
7OCY46eWtG0t,School Fees,461029
RZrC7L9xOXHq,School Fees,328185
TbqhJ0dksWXk,Registration Fees,477135
Q08uzqCF5jWq,Registration Fees,77866
wvvMNzlheBZD,Others,368344
8gSaErOlmN3m,Others,416236
aniUdXyOusGj,Registration Fees,480455
EgoRFQLLRuj7,School Fees,332248
lOCYj6uBpoog,School Fees,364763
dQgDn2Zy6I7K,School Fees,82750
Aj2hyW6PKFwa,Others,23274
XJqZqOaEBpUh,School Fees,104379
7dNzRLV1eTnt,School Fees,356415
jvzqbiBM27WV,School Fees,332474
6li8e0xVONoG,Others,236384
vhup4tT4HX7a,Registration Fees,170514
yDhYVWPfVGU7,Registration Fees,52286
33Wypn06Rz1v,Others,150092
qGs40oQogUEd,Others,85231
J4YDV5ZOtvp6,Registration Fees,16712
1wzh3VdT0uix,Others,464301
vLYpHNGEDLdm,Registration Fees,81926
JfYPpUEWLavD,Registration Fees,384445
4Wq3NahxCugO,Others,254251
JABPMQleQREh,Others,79007
S7DPXKQMe7fG,Registration Fees,382689
GqQsuMO6jYdY,School Fees,477990
176ZwcrnHWLG,Registration Fees,174065
oTJ0oVbAAPUp,Registration Fees,88221
lGSbws1avEAE,School Fees,81265
FrjySjNXKb6z,School Fees,410342
fgC0qgb9rj2K,Others,396281
j2GjJRXntd1L,School Fees,297418
Lqb7kbZEpEqu,Registration Fees,67040
n3HnXsHdWD0p,Registration Fees,242016
KkNSK5QhkSVK,Registration Fees,298157
hx4G5znNRVOV,Registration Fees,25240
PrXL3GbfWMSF,Registration Fees,260879
ksUim9WchLtt,Registration Fees,117086
YzhSr2QyXf2N,Registration Fees,109088
NbfpdwGgS0Bj,Registration Fees,175873
DIcP5ard8N4l,School Fees,207312
EtEZY4Y09DHy,Registration Fees,124091
zxs5v565KWOU,Others,173762
pHy2jjRjKGuw,Registration Fees,348661
vQ1rk03mWTt2,Others,409972
i1zJThibOy2X,Registration Fees,70471
YjCkiqPJrtM2,Registration Fees,180750
bm639Y4ygRnk,School Fees,88487
SdxRPfpri7Iy,Registration Fees,71034
kdfYXwllBtVG,Others,352124
DzqoqE7j9pXQ,Others,255922
Rzz6dO7rzKAY,Others,61451
zua1RqB2jZrn,Registration Fees,484030
yPyMvKouoDUf,Others,493443
eWkkTB6PZksY,Registration Fees,325908
Ml7zOh7VraPd,School Fees,474624
dJJIYWjW58sn,Others,370365
FgUChbN6uI78,Others,331868
XzWt0m0OgcBQ,School Fees,81565
uMUcfnUWFxG7,Others,357386
9RpECFD7G37I,School Fees,478316
neEnzp7nQoEk,Registration Fees,477689
FLlgomfrjmsP,Others,89362
aca9bdmhAaHX,Registration Fees,411592
lgk51s8AZm7p,Registration Fees,20504
ErKBWlKBiyKj,Registration Fees,422196
MsrGtPodgn21,Others,221898
0Dmk27Jtomvs,Others,259577
LQvqK0oqjyQt,School Fees,29935
jUln85q8Cgcm,School Fees,220550
zp4MYwlZrsJF,School Fees,45227
Qcfg3iYuHIpq,School Fees,416705
poCOwuMfre89,School Fees,427435
PYqhT897k8EK,School Fees,387364
68HD6qgqY62K,School Fees,89004
0UZ2MoRZd65r,School Fees,115558
0z6AsyYSOyyE,Registration Fees,354488
nce0Iuq7nVx3,Others,234742
p8vTANJwPY7p,Registration Fees,140962
90KyLnUYMbcZ,Others,50744
RCDjA2zoZZpV,School Fees,82166
diOqETxk8tPI,Others,332080
EZ6NWDBgPu4D,Registration Fees,117145
uiwKzGjtByjg,Registration Fees,195098
ZxqILHmvSlqG,Others,304897
lovgVmTB4ViP,Registration Fees,248400
M7AHLx4vF3Qg,Others,238938
yo7twQGzl4qM,School Fees,389649
LkNhVfDStntr,Registration Fees,181349
Y2fI2MdHB3Hb,Registration Fees,464112
jqo77Mu4QnRq,Registration Fees,228445
lk6OLzJ0LyVs,School Fees,345569
K9ntm0rL8LkO,Others,185341
3T89u0seDJAy,Registration Fees,262267
DhLDceio7S4D,Others,443735
ytJkFlTthfOy,Registration Fees,465044
TqRSVskvniND,Others,318650
IYS9A102BNth,Others,47757
0V3OV6y9xA9z,School Fees,302028
dWyT9RonRo1e,School Fees,43056
Fj0vQVZPbJQ8,Registration Fees,282689
SakhSJHty6ow,Others,444241
