id,school_year
RmCDfyS3jjGL,2001-2002
kM96nLjuTKT4,2020-2021
jeABHmakK2JB,2005-2006
3fKkvRETdnTq,2004-2005
N0ZWQt8g17Ug,2004-2005
IN3lgWjScW2a,2009-2010
tSSYwsodUqws,2011-2012
ak8QwMjJg1R4,2006-2007
psZ2jEjDDds1,2012-2013
ExTdUdNeKcdm,2022-2023
VhNpU4uu0aM9,2021-2022
NYejysCqIrVs,2027-2028
KjFoJhb2tqLB,2009-2010
JmUZlcyuJRia,2003-2004
QutE7oT7suvp,2013-2014
zSBg0LbklruN,2006-2007
YRg7LVHFr5eO,2020-2021
kkbSMClkaQNS,2019-2020
AAVd0h3XjmXE,2027-2028
vvQrQtCLhDzX,2013-2014
eiPUguqTvSL8,2007-2008
gN2vmkfEE7dG,2025-2026
LJag7n5dkBo6,2001-2002
QUOGZBhQwns5,2010-2011
5x0ii2w3yXpV,2021-2022
TNRUqwqGedte,2020-2021
9cBEYXPgRlkn,2015-2016
dbvs4L8emN0j,2026-2027
vAtih6EIEY8S,2017-2018
QiMeTCIzn1dT,2027-2028
ATlRrhdML275,2007-2008
PoYwjvyVSahF,2012-2013
zKYNn7tYNeIU,2004-2005
92wZYzyrh8Rf,2013-2014
InrxduTdGxC0,2003-2004
384TOFo4keGC,2019-2020
vXZULNugQ43O,2019-2020
r6NtCAIoPDOR,2018-2019
WmuFKwsPY5D1,2027-2028
34uivCbqO7Jj,2020-2021
BRIVzrAsNGWb,2006-2007
EHIIXKE6QdHB,2018-2019
2mmWWOrJ5Mmm,2009-2010
rYSX2GBKWODN,2013-2014
CfBoJeajbqVX,2011-2012
Z6P9fDf3GZ32,2014-2015
e8jD1wewRVsQ,2021-2022
yBmVUz1qmQqh,2001-2002
gDEy3thP79bz,2010-2011
p3afmwReBIBZ,2001-2002
ibcNBDnmSRJo,2024-2025
h3PatXf7gUpT,2001-2002
fVxblh5jZxYq,2011-2012
AT9ncxsYDoqS,2007-2008
LyupwxVbHCP4,2017-2018
pnVxpcmIN1cZ,2027-2028
OWd9EFdvSKIW,2023-2024
goaKgZqk3jpm,2027-2028
37RQoAzNgnfU,2007-2008
2hpoi8jNA1VB,2011-2012
2Kl0iVhNYVwM,2018-2019
Nyc3IXbDQUjA,2020-2021
5liYatiDHL8z,2010-2011
x7rdeiBCUrxw,2014-2015
REGVk0UfKr0z,2024-2025
nHpYaW3Fvs6h,2008-2009
urkfrTs17Sn0,2010-2011
3mjVKdz7M2nz,2008-2009
S2LCEysWvlM4,2022-2023
5gdIEohBv28Z,2023-2024
LNhnq4rKNWps,2011-2012
Lki7TXrHLRNx,2027-2028
R7tZ6CQnhxzt,2020-2021
sv3dfUmPRt64,2024-2025
3X89Y0MEcC42,2007-2008
xqagW1tbJItr,2007-2008
jLZnQRtP6O60,2022-2023
g5jxXrT1yuuR,2024-2025
0vNGxF1QLOxh,2013-2014
781NroNb9tJW,2020-2021
BhbQRSn9VAEo,2019-2020
EmgZoHEDQhWd,2008-2009
K6pu3xxCPOfB,2013-2014
7ckLzkwiE0wM,2025-2026
tInRWi6k1OHu,2016-2017
ohfbPu0I7Iug,2016-2017
3aBRK6H0BXVs,2018-2019
XF675jUOUX5P,2007-2008
P2SnyzMFOzjk,2021-2022
XR0jpixfmp62,2020-2021
N4FBFHpNcsba,2027-2028
XQqkUKX5ZCWm,2005-2006
6cUUEX6kMeZf,2015-2016
wW6lbeQlFIB3,2001-2002
uWkGfxhl2xr8,2003-2004
qF69YuqgiSbw,2011-2012
QhYiDMgeq2t4,2021-2022
U0ASml3nPAHT,2011-2012
xsNdXZxERONn,2025-2026
GL0nRypE0O1K,2008-2009
GwdtLPlQSPSk,2012-2013
xOzhNvIw0qS9,2027-2028
W0i0000PR5GK,2020-2021
AfNB3d0UOERA,2014-2015
A8G4SGqPbXOT,2012-2013
hMrmTd89GFZ0,2017-2018
vn40Kz9tVwoS,2012-2013
zjQfPqvmH8nK,2008-2009
Jf3QjDOAxMIH,2022-2023
TMdtb1LWAGAO,2021-2022
VZNMTQEC58dA,2017-2018
ziqG0uNFosEH,2010-2011
8yoA1mHywwBu,2015-2016
1HcXQQfYXRDI,2023-2024
jLyD9U4x3WMe,2014-2015
AkD5xP1S7pem,2012-2013
d28MgooA3RaW,2007-2008
FMYrvWyua09G,2003-2004
BS8u3TDOIAKe,2009-2010
v0rjrErsO1rT,2022-2023
B9uWgdh4p1nl,2005-2006
GAaEHzDBufjb,2004-2005
lq4gjG266J9k,2010-2011
9KXtnF7T8RBZ,2027-2028
FV7i7UbBuVhL,2009-2010
sfTJ1fbz0HXA,2024-2025
vgJGTrA0eMrC,2013-2014
UswaKnHfgUJ0,2006-2007
zXyvzEs5kHLD,2002-2003
kvSqabXu3Z3W,2023-2024
VvWZ543LqfLV,2012-2013
as08CNZMjwzK,2027-2028
TqrsY70CxICX,2020-2021
8NDjIrHGUfye,2015-2016
jJ8lkovRqVHW,2025-2026
bDiMflwfVaML,2021-2022
NgLEfSlJWBko,2013-2014
ud9Ggbip4OdN,2021-2022
8ROcJJgobUlv,2015-2016
BnLglHgorPgL,2022-2023
XqZ7ZglvuwPO,2010-2011
P4IkPYCbSDgU,2013-2014
BcdCwauNUPxV,2001-2002
6U9bfQLKAI1l,2003-2004
bQvzDOuxDNLf,2020-2021
pWxqxbpkU2SX,2015-2016
ODZL7xwqIhTM,2004-2005
0I2yLN5BZOip,2002-2003
snqDrDfe9guB,2002-2003
EJnOLX7ERZSR,2017-2018
qfI4gfWVrUXX,2008-2009
H5w7kCl27KsT,2017-2018
n3iR1DcoEV4m,2016-2017
NDCKm1rJcQ37,2006-2007
XI8CUsw9HxG9,2014-2015
tGe3OQQGdJDb,2024-2025
Wg4TQJnAJq38,2023-2024
cgXhmMcOBSCK,2027-2028
0cygA0BEpCVl,2010-2011
xsAOMVU4yM7M,2018-2019
lYVSIh6fJsSt,2012-2013
SDb8qy2ZfRE3,2004-2005
y8XbVaEbyDmz,2027-2028
kEhWhWUDfHdS,2011-2012
g6fGr4NL9RrO,2026-2027
Id0quDxShau8,2009-2010
vYoqwjd3cykP,2003-2004
VXdkfYMeoqvE,2023-2024
WBhKXgqogmc3,2023-2024
EiPrkqlGDnlI,2027-2028
5h42A3rFSgiY,2021-2022
rFmpV3Z2QYEg,2024-2025
ULD8rHcX7yjZ,2020-2021
ehEdbfXC7hfW,2026-2027
HK0SXJFR6rzj,2013-2014
pan5oIk113CL,2018-2019
RJ06WckUFadn,2003-2004
hjRUzF9prKSH,2017-2018
SrDrLqNJP5fI,2009-2010
zcEuASFzAdL3,2015-2016
o17Gr2d4PJlg,2018-2019
BgUXjLy16uQQ,2017-2018
eBzEJsIBO96D,2025-2026
4C4mVbN2Uanj,2003-2004
pC4VXdHhyH9V,2005-2006
F7nFKAEkslUV,2022-2023
zmoKuE6iavri,2022-2023
3dRNg5iNDLUo,2012-2013
aguu2QrXUVyM,2004-2005
3beKftA54Qg4,2026-2027
2NS0FBqwzcDl,2020-2021
VHJX8fzJGnkW,2022-2023
YiPtISKkkPMO,2025-2026
YdPOf6f7EGJ3,2005-2006
OfP6rYmGwrug,2024-2025
lgvmvME2Jjjp,2010-2011
Ouw63mMy3bhz,2014-2015
8aXnYHqJ4foj,2009-2010
hFzgJdXARZ4Z,2017-2018
AB3vmCLLh1Df,2018-2019
Ns7zGDkXZWIX,2001-2002
0ZMJYfthmwbm,2019-2020
99hOnVQb3AjM,2014-2015
DIjTuTe5b5Yb,2012-2013
jhGxVHeDCahA,2015-2016
mfwoTKSYUYV4,2014-2015
pbJhWWJ4aY2c,2008-2009
FLjDJWqoPLvY,2003-2004
dTnj0NC4pGx5,2023-2024
ErNEFPMwSbD0,2027-2028
cyuJVZCz18ws,2026-2027
zn9htOcVmUq6,2027-2028
p0MzgAlg4WPb,2007-2008
ZcxqKfzWnDnl,2020-2021
577UYo3zf76D,2002-2003
wMfKWkg44egg,2022-2023
mNBKVSULP3Eq,2023-2024
FVuCR9RkpZ6Z,2002-2003
QYZdQWx3kIgu,2004-2005
cdMF6vCGBIMe,2022-2023
ZDueuQCRONH7,2021-2022
YOtJaCyWKxjw,2011-2012
WU0iCEz1fAyX,2004-2005
M7ViUvJiGPpH,2027-2028
NPzNtKgDJv3L,2012-2013
7H900NXwlDDL,2002-2003
TsACipjlP13e,2026-2027
3E4dbgSy2rfb,2027-2028
Q0wyGeKmmale,2012-2013
9s2pz4ax72O3,2025-2026
sUoxHoTpAlaZ,2013-2014
RZDXfrtZ5fI9,2002-2003
mLeKxFYl60jo,2009-2010
3rz8NoUZPMJh,2015-2016
2iKdTOkI4yVY,2014-2015
5fBZahSg4uIq,2007-2008
U1ndyEyuAetS,2018-2019
DRJE0Gxyqulb,2011-2012
hPbpz5byWF6m,2014-2015
8hQyTLSDV3z7,2006-2007
4iR1SmRfvVUr,2005-2006
60eJvkfB3l5f,2023-2024
fyI3Yq1DCd0t,2024-2025
Muak2HhRDgXM,2005-2006
zRZO0ruRyqJH,2011-2012
qk0o8TsTkmLK,2007-2008
YvqtKJFarMMt,2012-2013
PvR04XhpbOO5,2027-2028
9Bjc2jhgqlkD,2027-2028
VS7WBOJFmZbZ,2001-2002
J9fjIWYWzA0o,2023-2024
MqBboCZrcs6r,2019-2020
i4pXE5woV0t2,2019-2020
n7gxwsx8kns9,2009-2010
AaWDaoDSbt8U,2010-2011
c4r7P6H9wSrd,2006-2007
8hmhqDCKzJm3,2006-2007
ARFmJgdLGruo,2027-2028
U1S8LytWZ9j0,2009-2010
F7k2PIQTLVRn,2015-2016
Z2xC4sQziNZc,2018-2019
FqvHjMUbdd2e,2022-2023
YkJBXMGiiDiq,2026-2027
8OKAJQHEQbxJ,2007-2008
cPBwxvLYYt5T,2020-2021
oMMDDZnUsGAV,2009-2010
sM1kPndyfNTT,2006-2007
66iWOXjn4TnF,2011-2012
Fmvi1BAckF0y,2008-2009
w7sm9FQZRJlX,2014-2015
CGfWHTChalv3,2018-2019
MK9eeRpUvlH7,2019-2020
dQJbpeDPlzDs,2024-2025
EUQmOwR2fmMi,2006-2007
0mVhh97IllU0,2023-2024
N2k1EZA2LsBf,2009-2010
2DXVlMK7fBeb,2027-2028
iX6EdANjilAT,2022-2023
lxtIUifCinmF,2023-2024
bYpvt1X5MIs1,2009-2010
JboENETZJXQI,2018-2019
RZsvdHXMPh6w,2019-2020
x4jkYtaoYLDd,2010-2011
gToW9tHEebA1,2018-2019
d8vxC8SE5Np6,2013-2014
2xWRpHgjX93N,2022-2023
reIAJ4iHs9cE,2013-2014
bnFb6lOlvK9H,2008-2009
7v1qXWnHwpcI,2025-2026
w5KiScjA4HQV,2025-2026
8hPfMLs7x0px,2003-2004
B8VoOgoWBDoC,2015-2016
wVNSBwFywTfp,2019-2020
GuT2FSMaInzT,2007-2008
t6EJwArfpP8W,2025-2026
KLVhDU8z00i1,2005-2006
xabIo8dYZ5AB,2003-2004
AHWN8XKqIC6d,2012-2013
Uk1mR4It8ohy,2008-2009
1X1NzIQxajWF,2004-2005
PMGuFLpYGg17,2007-2008
uwfmOrd863fP,2018-2019
9suaoa7yHiub,2008-2009
9OPR3ILsc4wI,2004-2005
J4Kuv3iWPv1P,2025-2026
OurOAZ5ckRVZ,2001-2002
DlX71Z2S3Yyd,2012-2013
kVrKIFcFdPcp,2007-2008
cTSZTi9LqEdW,2022-2023
eNMnYgkAZ6wJ,2019-2020
4hBIlnDXORJn,2013-2014
lWsNO0lXiGFs,2020-2021
6SxkXITQl6SU,2027-2028
vBQ1j6kYvsDk,2006-2007
PP15KZK753lX,2019-2020
QJmuuGNk7Ubk,2003-2004
kd3uQJBhrZ0M,2002-2003
CdcSpEHljx4D,2006-2007
BZEGiAYCFWSJ,2011-2012
gjfOHXzNIPlf,2023-2024
sdZnRIj4Tlqy,2022-2023
nANc3OSEarT6,2026-2027
yTRRwq50MTcK,2004-2005
7yYNYhYe1PzD,2008-2009
tj5QjxkGlPRh,2022-2023
1EyHOLF9Vdc9,2026-2027
VuirCYzRuciY,2005-2006
0qrCN1ihWlqB,2005-2006
ixG8VksNtGCQ,2023-2024
PmAvP53mAPRk,2006-2007
ZKWe2q1TIwJN,2007-2008
URPt9dQzeDFf,2018-2019
gcGEqhzKFO3V,2026-2027
PG0zKTWrZK1u,2002-2003
Pm1nazWjR2lk,2022-2023
t2cDlvKPrKTE,2007-2008
8m3t5fKotMdJ,2022-2023
YiyeHOV46gdd,2007-2008
ZXrDt5CLpDYG,2008-2009
Y3J56aM5rfNA,2021-2022
qIMiGoTmwOoP,2020-2021
OaY1cx48BEkx,2024-2025
6Zw61WreKriX,2018-2019
mgjuuvpswxCR,2009-2010
l3CMWumflCLI,2009-2010
ZGQNNKVysCp8,2010-2011
kynbFPkXvggi,2006-2007
4AC79OYjA4Df,2020-2021
O7yLmwYJuHdM,2006-2007
27oIJqaacFMt,2015-2016
TjefwOWj8yfh,2006-2007
AU5HEHpYN727,2021-2022
Tr0B4KwHyNAI,2019-2020
gyeKmDb0Rd5W,2027-2028
orZiJUwYtFQa,2001-2002
rNoPiltukVIk,2021-2022
NiUNOlKhfI5X,2014-2015
Umo981Z7Jxml,2004-2005
SB1wZWRer9MQ,2018-2019
CV1qCePYjiBb,2014-2015
P8FVf9JsnDBB,2001-2002
tgl3pgdJMU7U,2019-2020
QxhJSew7OZTy,2006-2007
NC5TJ4gwRJ2o,2009-2010
gdKCOoNLe4QE,2008-2009
7AlGYujZic2U,2004-2005
8rBSYJYHjXti,2013-2014
jHvzheNQC04b,2015-2016
qynNopuxoYuR,2006-2007
6voKgWTzPRgS,2014-2015
wO8DQVH14tAA,2011-2012
hmEWEkofdbD6,2024-2025
EHVnaa7BntJy,2021-2022
EJYKfwsIWj9k,2024-2025
WDdp2U8FvOhs,2018-2019
uJq4YRxdJWyY,2006-2007
SHBLyzSg6qeW,2001-2002
MEtLWv2vYymg,2019-2020
tqig7zno0cLf,2023-2024
Ku6vUUfzolsg,2010-2011
hhbwsL324Dvu,2004-2005
3jvxGLU2Cvde,2012-2013
9fwUWI8200Sd,2017-2018
CR2hUsX59KdY,2016-2017
MdOa73bH2C4f,2026-2027
DUsYhQn3udm9,2009-2010
X7OH5WJEJjCi,2008-2009
Pb5xAgJe9LxA,2014-2015
DGtkGJh8V8sa,2004-2005
M5P5do3ZhKHC,2015-2016
zf9ucBJtJJxc,2023-2024
F2x0MEw1pVR1,2019-2020
BV6LElcaa1vt,2005-2006
Qb8UIpljfCYz,2006-2007
pLpUPtIGlXyo,2023-2024
ZevqIiVCh203,2007-2008
kDtn8Wwh5F5H,2003-2004
LWxbdwcM5CLk,2003-2004
qmtlnNlCTUVR,2018-2019
lZ8WneqAA2im,2005-2006
9xGDhXo7Zbmq,2016-2017
ckgn0aurUZaT,2004-2005
j4SAGdHLEG2r,2021-2022
yHW6NVCUMYia,2006-2007
wnFSMgqSnlhp,2020-2021
Bnf3s0xdJ2i8,2017-2018
dn2UxkEKR9xb,2003-2004
dyjYNFwQnKIp,2019-2020
WXCr5LUnJ3IK,2003-2004
P69NkHsVfk7E,2022-2023
e0IOtzKFLec6,2022-2023
nVLUIvfG5Ykb,2024-2025
cmp087gaBHEM,2027-2028
NoWhf0Dk1ea7,2015-2016
KC4jYqenMW8D,2003-2004
NOSK8FSEX8SR,2016-2017
92oQknoqfnC2,2022-2023
qS4qdcr5kiYJ,2022-2023
0LeYSm6aGdpZ,2006-2007
lNCji9sOihN8,2009-2010
OT5H4TANpLeU,2025-2026
2YprGEcRowKz,2008-2009
wL365jQyJw9T,2014-2015
p01gVlqZQ4EL,2016-2017
qDIzTeyISKhO,2013-2014
9TK71k1sbDvr,2027-2028
StFKDQh7Pzlv,2003-2004
sgYKP36phUje,2020-2021
c6PlgvcEp1xw,2025-2026
XPnuOTBzICDl,2007-2008
gZyGqVqpQnQ1,2002-2003
GFibeQARaRxX,2004-2005
XkyskqoBo45R,2004-2005
uHKR8yIZJrUX,2019-2020
y3o6XIwYbt53,2024-2025
FlWGdwVJGXdq,2024-2025
d8EGKFKnTDke,2016-2017
HVjhaudAXAYE,2010-2011
Tjtao6rfUrZ8,2014-2015
X0P6wlzK3zFG,2010-2011
73Zff5NsJc0n,2016-2017
7zvxv6Sh9DgQ,2015-2016
YoIpKyUqVu1Q,2002-2003
QkTEbqaneg93,2021-2022
PkUGHCSOn4l1,2024-2025
bRGkaSLtyxnE,2010-2011
TOMbAJEM4XA0,2003-2004
8bHv226H863J,2008-2009
pvC98VCgDxSB,2021-2022
0UulBwhDwEC1,2018-2019
4tednfoxljI4,2020-2021
x7Q9xi6D6trY,2016-2017
NEuDcKKO0rvu,2006-2007
3aWgS8y4vlPc,2007-2008
M1jouZgalupE,2020-2021
O55SUOxXa1Zk,2022-2023
8Op564VH57lq,2001-2002
j4pfOZbELBxE,2017-2018
QmFSFafsVhlx,2004-2005
tUKW0lt2KisL,2027-2028
gt1BKLevuhM5,2025-2026
JqivaOMJp8y2,2002-2003
gqoZ4J6WqS9Z,2004-2005
8FTKgF4qkNZr,2014-2015
Gk1Q40g1CuiZ,2027-2028
VMbkYK4yCEyA,2015-2016
rohg9g5OhoBZ,2007-2008
nNo7OGOtB5vj,2009-2010
dywX8tBiNFuC,2009-2010
mFubUHZYS0AF,2016-2017
a9B7svpFXp04,2008-2009
LpD32PNSoQfI,2024-2025
m2zamNZJdEWs,2025-2026
2bRTjtviBpDx,2022-2023
ci1DPn2Achfp,2025-2026
GCa9aZvVLSr3,2013-2014
zmEkcW2lefuz,2024-2025
n3SBMs8gYNK4,2003-2004
6CwHyehDkEIr,2007-2008
UNq1YgwUZrCW,2012-2013
BngY8JEbyrYC,2010-2011
K4iI14rSO2UL,2016-2017
dWmMTvJsot3T,2021-2022
5fY1QT7Ujj7Z,2002-2003
ySaQTHG6b7hL,2005-2006
GhJWZJJAmFiz,2027-2028
sy0vAw8I6Ffs,2018-2019
Cax0ejjXAB8y,2008-2009
iv7QgVxYe3K1,2020-2021
EcovOoNAKnIW,2015-2016
eP7wWwOLTLsk,2017-2018
LvFaxx4DewWW,2024-2025
uG85hyKlapcO,2011-2012
MAts7PSyCbsv,2003-2004
D9lDU1Z61hGi,2019-2020
M7VBoCiPPqPx,2009-2010
Of5FZuebGTAp,2007-2008
bS39ZvT4Ma5b,2009-2010
3vCLsrDm8mUH,2002-2003
f70J15c6KQLk,2014-2015
7oKnfLM9Gdfh,2016-2017
huBxsK2WpGqr,2011-2012
47ncWtwrki1t,2013-2014
uqhrmrq8W8xf,2002-2003
0JZAMHm7VXyq,2023-2024
Hb5MAlSjRM3l,2022-2023
MoeuUJaSENiZ,2026-2027
F9gRdUPtO1TK,2010-2011
XG5zFr2zYyiP,2008-2009
94DMHTFKflm2,2023-2024
TuV74OjBB3Sl,2022-2023
9bv554V42nPj,2002-2003
enbx36Qr593T,2022-2023
D3dW3Zva2MO7,2003-2004
o8jJ9y75zi0S,2003-2004
jhnO8HJmEc0e,2002-2003
k2Lni7Vx8fDF,2023-2024
qjkbN0QZC10H,2020-2021
B7q9InPvAoV9,2001-2002
fxXPaBMFTiEb,2019-2020
w25b8nLZMtU8,2006-2007
GojbMMLvIdfY,2023-2024
WixJBHY6YVw2,2012-2013
FL1W1IVpEfnU,2009-2010
A5W953ux4Pct,2016-2017
XqWQ27GXNHcX,2002-2003
BAAFtL7iVlLe,2003-2004
NBTUMoS55ZZe,2013-2014
xRuayVX5h1sd,2014-2015
BlRB97tKGBBv,2026-2027
Rbx3LUO59MWq,2006-2007
6bIeQdvxEjDM,2011-2012
k8nWcCCJxF5K,2011-2012
LdqAqdML4rsq,2011-2012
Z17uzpyPxGGq,2026-2027
5Sokc7AVe5DB,2024-2025
o8lWEgvWNymE,2018-2019
6qzbEUmjX0ah,2005-2006
Vc86xamJHIvF,2025-2026
osDtOCyUl1ZV,2023-2024
ursq18ojdPoi,2006-2007
5FPOuzcKVLMP,2010-2011
LZRcVgpKfnM8,2014-2015
haonleYOwGfY,2026-2027
Y0ULCPZhR9up,2006-2007
5mhkPxHeaiYb,2008-2009
BeK7MHfZ3J99,2018-2019
u3lmfokDZrlY,2007-2008
DKnbjmskHFDc,2023-2024
TjiYJajVEDk3,2017-2018
joIOGIwAymJ1,2016-2017
kDg131DRjQKU,2023-2024
DUCM8qRFGw98,2018-2019
jGSWq5QvnGLW,2015-2016
eF67ErMwywep,2013-2014
FLj4aepvfPp8,2012-2013
htjbXnQz4sLh,2013-2014
XiU51wPuumEN,2025-2026
2fxvY0Br5xlW,2027-2028
kjdPSbDrJ4N7,2027-2028
NqWouMQERbD8,2012-2013
iCxDDd4rdFE1,2020-2021
n0q8AObwuLxp,2001-2002
iPvFd06cWQNa,2008-2009
IOBi6GEaIDdf,2019-2020
eVw1KthxPKnq,2016-2017
vi8NyPYTX2jt,2007-2008
fkuZvpYhZrAL,2009-2010
ArW3xxuwFZin,2006-2007
TwKuPS9iCNKY,2008-2009
vU7VLAYqztJc,2006-2007
zMs3tuWdwzjE,2021-2022
5Df6CVl6r691,2027-2028
QGFtP9q2fLH5,2008-2009
xTSgRs4fcIGg,2017-2018
xx1YfLH3IMXo,2013-2014
jRwoMegESw0i,2020-2021
KvZTpUJTntN0,2003-2004
cuE7WzrGrORl,2027-2028
S8H5EiF2GrxR,2006-2007
mWILe54ydL5g,2018-2019
KsWyWWySsamg,2007-2008
rQhfgQ60wJwT,2011-2012
mS4cZSb9BZm7,2009-2010
90NcFZT1vTRU,2013-2014
rWQrhhaU9Cnm,2005-2006
ZWe8hh5ek9At,2006-2007
MxwNDkZNJKXK,2012-2013
Wbl0NUzIAmT6,2025-2026
sezdb5eO75gv,2009-2010
XYF0sZqBAs9C,2020-2021
aD5jd8aCxYVe,2018-2019
nqEK4vXIB49n,2022-2023
8p2fiy4ZHJzE,2012-2013
zAojDutLNCjZ,2012-2013
SHzOA9WE2Wtu,2010-2011
8eD6Io597XL6,2017-2018
7LGMnJdVL3Eg,2017-2018
ulRp8y81zl4f,2027-2028
Cmu6a9pcPnby,2020-2021
m3EoY2UDVKxI,2009-2010
kFENRFq0zJ89,2006-2007
1egRNA0dXJbw,2004-2005
3Sw58wIp2xLt,2020-2021
0Dl2wcGip9F7,2008-2009
mg621QL18coc,2026-2027
qesR01B77FQx,2016-2017
cX0WGqcA5Gbc,2003-2004
44mj63e7ibRF,2013-2014
JkCS2EUT3Jg0,2001-2002
MJo6aMxSen2N,2007-2008
tJG5W8WsfCnO,2006-2007
1GWMEBYp9BU5,2008-2009
vC2mrwTSFbV3,2014-2015
qj593C8qrwKN,2009-2010
ItFgZ0AU93mL,2011-2012
EvJ1GgITTSQB,2010-2011
0gQd6JJbT4Dr,2004-2005
4z0LzwQxIiqC,2024-2025
VXKk14FI8muj,2018-2019
SNoArpxw2Ixi,2003-2004
uhpjIyQHkLTl,2001-2002
F79W7O1Wa8TB,2024-2025
Z6m19Ow9nqhA,2016-2017
1b3NrtcS59nM,2024-2025
UAl9vKl00CRa,2023-2024
w3ylMMs5RiiL,2018-2019
fdib3gLoV4DX,2018-2019
as6tBGcb4jjL,2012-2013
tAOamD3WTjEb,2020-2021
R1pZ2zCFtryz,2026-2027
ZkAKEUFBfgfm,2019-2020
bkXF0OJbFROP,2005-2006
5GCkuWanSQtQ,2007-2008
8Zuol53Sd4zR,2001-2002
g7wwYnBdpFyY,2013-2014
DGq0YxMydqxu,2005-2006
vDDszpGetIP8,2009-2010
VtY9T6AfUbUA,2025-2026
fnBF4wcF5Bse,2027-2028
S9Ii7jdSV8fI,2021-2022
51gm9621lnwo,2023-2024
jmLr0C1SYCnG,2019-2020
Hkwu2HHbc8kv,2007-2008
QGhItSxyTGAi,2027-2028
I1KrhQZYydGv,2006-2007
EnsEo74G7Ehw,2001-2002
DBlJ69eI5Czw,2010-2011
vhM7jQWsGIN4,2018-2019
PA5gdAofSRJI,2014-2015
Dg1Ijm6w9iDU,2026-2027
a5niVjcvFAoi,2013-2014
CVvw7Xv1XyFA,2022-2023
SWHsFHxukpwD,2026-2027
H4dpl9I2ogSY,2006-2007
hEFKGh6Kk5iT,2013-2014
yxi1nVyihshE,2015-2016
JjqGUkxIJtNu,2011-2012
qtoJuXx5i55y,2015-2016
NMhyT5z91Ywd,2023-2024
XprksEwJJRk8,2008-2009
PUUCeGuTvxwX,2007-2008
kD25BScVpaLC,2025-2026
xveudO2gwHvU,2006-2007
RzvhOjYtoVMJ,2012-2013
e2lcuMxyyTUV,2021-2022
OwWZpXL1nISP,2016-2017
MvBMWEFWiRlu,2007-2008
X2KNgpajHVXr,2025-2026
BoaECdAK43MU,2020-2021
FVIgfA20L4j2,2011-2012
FZiyFL0DGqiV,2020-2021
4nA40KXOz8UQ,2012-2013
m52IDtyWwkhR,2004-2005
S4QtfkvepC6m,2002-2003
IEHuW25vNJ5q,2004-2005
kguMlyCzvRLF,2020-2021
A4BNXBaJ9zyq,2020-2021
IaTOpB3cxvHp,2019-2020
T5HHaccItJBw,2023-2024
c1nBkGD4DFuI,2023-2024
6gh2XcHYb4x4,2027-2028
YzJAioaFVJBU,2011-2012
q1Drb68Enh4M,2024-2025
k2ziiS71bRZD,2005-2006
dnI4g0IYEUPJ,2012-2013
yiLOVot8AQMN,2002-2003
kFRCb8bUlTYz,2009-2010
3ysSBtKoeaDh,2018-2019
HQU5FtBQHdLh,2006-2007
aHPhavdutAH5,2001-2002
Bjkx1y6fhhXc,2022-2023
ZgwW3M6lDwbz,2001-2002
RHH1c4zA92Zc,2024-2025
KD0lSpFiTecD,2015-2016
epuiAdfdzegn,2005-2006
e47CzMKaxVvM,2019-2020
EH1p5O9SO5BT,2004-2005
APN2Rn8H64z1,2017-2018
ELNS54Pw4v4E,2006-2007
NYe2gKs8hPQo,2023-2024
sT72UHNPWIP1,2016-2017
xEhOWbyKB5Ch,2011-2012
UCdHJrPGQO6I,2001-2002
2EM39IEc5Osc,2016-2017
qGjHP3ueh3ou,2009-2010
lAHeJq1asIhR,2012-2013
ux7qBxSJuBGK,2021-2022
BOazZbHSHfQe,2003-2004
gcqhDlryNpY5,2021-2022
4cPz3R56akhx,2001-2002
B1YKs3GTM1yN,2025-2026
88JoXawJVko0,2010-2011
DxzwYJjKLlbg,2014-2015
HTbLTIncDFKS,2018-2019
gdE4hq43fhc5,2013-2014
ydCIrXATCBfk,2017-2018
9oM0aHPTc83S,2002-2003
WrhKBG6QaSD6,2022-2023
02W7R7v8pP1U,2020-2021
tDqtV2aTnsW5,2026-2027
igUQyFTo0bUw,2007-2008
Mq2cRa5VFVz6,2021-2022
U1kI4dLLIRwU,2026-2027
ipbFDk4e08rp,2024-2025
V0uyWu5e34af,2017-2018
2NyJvdZw7u9Z,2020-2021
bpT2mBYmZqV1,2025-2026
N9FFN4E2KYpZ,2001-2002
6aifxMvdC9bJ,2001-2002
naqxvpNyIA9x,2027-2028
xMwLsAG0xUwC,2019-2020
Wqx9jvA22GLb,2006-2007
uqyRHPRQznMF,2020-2021
Mx48tnfKccjN,2002-2003
GxL6mngmj7ou,2020-2021
ygZ854rRQ6xG,2026-2027
2VRoK53n1Ylx,2011-2012
IaXE5ciBoggw,2003-2004
U7cnHIj2w3ks,2002-2003
kLJwdvDYe26h,2002-2003
jSdlLGQFFWSD,2001-2002
HLwb4aFFnwmX,2025-2026
OBnDiqcfOiw0,2003-2004
0kfoLQj9JsLq,2019-2020
5MmwFaQ6J208,2018-2019
InraMdO9RCft,2013-2014
LXzRPUrxkAPh,2004-2005
3HOZT2er9l7D,2014-2015
aFRQrhIhUj2k,2011-2012
1XifEHus5EHN,2010-2011
QZWCir06nqGv,2020-2021
Oonjo1K2psHJ,2008-2009
Sq1Ej4fzrl7o,2008-2009
T1igxgG3d5Nb,2022-2023
2g6EdPeS1NtP,2008-2009
vSbza45vTwZC,2026-2027
OxUx0HLa2E0W,2001-2002
ZWMjU3ndIHtF,2019-2020
ftF6CQJwoMAT,2023-2024
kp9OI9JgLzih,2007-2008
3Gj0BOBKQW3w,2012-2013
BHMymhXsMhFa,2017-2018
sZTgCdYvAaBO,2024-2025
nQvZBrEmJWuq,2009-2010
tAYOmEGrejvk,2026-2027
8VHx4UFfsZTx,2013-2014
sGRLzrjFcBmB,2012-2013
oX7uelh8gKk7,2018-2019
jIoQlqWuZepY,2023-2024
J1vXLBB3mNpw,2008-2009
mtNK4e0IA3yQ,2002-2003
tiys5zseL7D1,2019-2020
YvVXv5VgbF5o,2015-2016
u2d2M2B12TWN,2005-2006
Z4aSVIeeGMsR,2001-2002
94jc2vxVSyY2,2026-2027
RLr5cFK5aDBm,2027-2028
D17Stv8ROWQ6,2015-2016
FL9wh9YPW7UX,2009-2010
2jnzYMoSIteB,2017-2018
SKaupHl3wrl8,2019-2020
j90BBsS9UfAQ,2018-2019
k4OMhryLOoAh,2010-2011
tD7ROqX6vWzt,2017-2018
WfXPIWWpIV8s,2024-2025
IzuFNTbVoWqN,2014-2015
sgErpCxNnsay,2008-2009
10JDPbzusUDM,2011-2012
1RcYAQhdUWxe,2017-2018
e5XdaTd8x8pG,2004-2005
eeMVTOoAmFir,2002-2003
yr68kYxqDjNr,2002-2003
BrkvN0UMNKuV,2005-2006
nOJsjuUFdFN0,2022-2023
V9rOoCkXM9qG,2002-2003
S5TZnCLHZpaa,2004-2005
P8VpJBL6v06Q,2009-2010
JICwDqSj0yMA,2019-2020
Mmxf9tyh0ZdM,2013-2014
OSuKCLbx76Md,2011-2012
Q8TaEt24uO1b,2018-2019
KOXgNeXAVZ0a,2027-2028
g5OLbTQSQPw4,2027-2028
4KuHaUHh1lkc,2004-2005
p04YLpg65CFI,2010-2011
6R9sShKq8SQp,2024-2025
W7waB6qGROnt,2011-2012
v69zITwMp71j,2001-2002
y86Mf36DRrxs,2021-2022
0jeeeKYB3x2j,2016-2017
qCQskLE9E4Gn,2012-2013
8dnRD11ThEYb,2015-2016
kC4ts5WrhIpB,2020-2021
jcqEKT6Q7qDY,2008-2009
Tb4pdgneKYqv,2019-2020
gTaFmbPmcP9d,2006-2007
QbAqqWdPC7pW,2027-2028
u02aFvgfW5hS,2019-2020
hDGKWp1jhpIG,2017-2018
g3i73fFfgGt1,2027-2028
aaEYRyGaPGMs,2024-2025
xMFpGsGYnnul,2026-2027
L9RHoiyKPWss,2006-2007
f5t4ASS84DCG,2009-2010
530mvMLAztFH,2012-2013
8OuJyw1zhw3R,2003-2004
JbVPBFu9M8Ov,2007-2008
6M45uEuy3IKF,2007-2008
M1rVR0aJrb3I,2023-2024
ezoyfeny1yQo,2017-2018
vO6EjKEDQKQI,2012-2013
gotsny9Nu8NX,2012-2013
KmKL26nroMF8,2004-2005
aIy9aMC9p6K8,2017-2018
o1uD7FQWQQMh,2027-2028
xAMvuQkROOVv,2007-2008
IvsdxQym7nXB,2024-2025
CvNh2RUPaYiO,2021-2022
PMGSa00NSP4N,2025-2026
8qb6YuKaj2rA,2022-2023
QUBjsM5fuNNs,2003-2004
YyHiER3Psmse,2020-2021
2LwIHRZ157Ds,2016-2017
dyfTw6Yr5coT,2019-2020
wcnFM85csWVy,2022-2023
P6tICvFOY7Fq,2024-2025
rkEn72eweTSG,2010-2011
e6Mo4VArPGKU,2011-2012
7pOshVRx7PG1,2019-2020
hbE10PK644rm,2015-2016
2dpsrY1vxSMn,2019-2020
z6giiMqoiby4,2026-2027
Z0qvVQq2cgHQ,2011-2012
HPJXD92XyMoY,2018-2019
8Hgz1nTavfKX,2012-2013
u3ZefXAJhuIm,2024-2025
6zeUPsbwNA7F,2010-2011
htnuaUPiuKcs,2002-2003
VU8L4dHUhTgh,2020-2021
OIq3Utl0cX6r,2014-2015
bXsPIoAr18JD,2018-2019
XVX0yfVviEIo,2024-2025
4OwzaPpgKhnA,2003-2004
nOCmmBqJhYnk,2015-2016
kSCWWH9RdfwB,2026-2027
6HzabKfVIaTK,2022-2023
LXeTI5xk2F56,2007-2008
hNE5G92Tjhkh,2003-2004
CgCVrXYesaEE,2003-2004
8BW5FDXWndu1,2025-2026
yoUM7LshPVkc,2014-2015
JDOWZ3qBklih,2018-2019
YKLKeiLnvxit,2019-2020
zrFu5QGz6PFH,2008-2009
vIQgEWrHdtXx,2027-2028
aXjsnWrinqy1,2022-2023
6ilU29PfISnm,2006-2007
Gd1lZhRbvZ32,2010-2011
Ap7gUFg7t6E1,2023-2024
QjJbz1chkuKA,2004-2005
qnZTONdDHd2E,2002-2003
xXFqpTXtVxQI,2020-2021
zy3pMtvvZJbQ,2024-2025
EGROmON5gfiK,2010-2011
ZNwvsY1hoD77,2020-2021
JtOm7DKuQLxr,2007-2008
q06gyXkt3iva,2023-2024
s6YJcHhoOdAG,2021-2022
Og2oH0Ip66r2,2010-2011
ik60nCZu4U81,2025-2026
pgCe9p6ckHIK,2025-2026
dFNFxLebkNrz,2027-2028
VU16lq3TGn6U,2013-2014
ZcyEos3sZDD1,2003-2004
42DnWajbwBjL,2011-2012
0gMCWnpONx5n,2023-2024
KtZGQOE1ypJI,2004-2005
09NIQxT6chLB,2016-2017
2tSazH8sFurI,2016-2017
DGD3vaSzS24e,2010-2011
uo9Bhosotf3a,2008-2009
XA2KekMPjw6x,2026-2027
7hISFJCahHGw,2024-2025
MnMnWIJenffA,2013-2014
5rpivBoLOewN,2016-2017
kAG6fzVkWCXr,2005-2006
u3YDlp2y3XAB,2019-2020
0BNR9bJD4feY,2001-2002
CxrE0ij8LHyz,2003-2004
3voXPivLjAKY,2012-2013
6CSOQd3wOFHR,2001-2002
9nTCZ9H9UYV4,2005-2006
yAvKslBFvLW8,2010-2011
kzXraPAFJqF7,2004-2005
W44ymt9JEPcJ,2011-2012
1bqPjLMy5Wpd,2019-2020
CPlrZF6wwcZP,2022-2023
8oCTLG4jQOMH,2016-2017
vDLjviVXRYk2,2012-2013
1ijVGuv6Biyo,2005-2006
s5pNvHAWNJo0,2020-2021
ejW3mNUXnUjm,2016-2017
QZyc76bwpmYE,2007-2008
YKAXnXgEHi8M,2002-2003
X9ocytCChHGJ,2013-2014
QETVd8YJEUMy,2003-2004
9MRAsUNBYEa7,2003-2004
ISvh2Y5lazEg,2012-2013
h0eH6HwvKRk3,2008-2009
U3IGqxPsPzIU,2019-2020
r3QgPqkl2nJF,2023-2024
8xWjizhuFyfd,2001-2002
o9kxQmV8UnMH,2010-2011
oXCuKAmt7Ima,2002-2003
HUtjFMUaMXoC,2022-2023
mpL3kmBKQk5j,2009-2010
P1w8glokrTzQ,2002-2003
EOaul03owtlV,2016-2017
gCEUPrZsVy0y,2017-2018
8yAyNnc3DHgq,2011-2012
5U38ARJCaBbZ,2011-2012
fIhGseg4ayv6,2001-2002
h9hp5nEPXJAY,2022-2023
ADhzpsanrCAs,2010-2011
TnDnuQHUb8JZ,2003-2004
6FlNfkmtyfzh,2013-2014
f7HTYo0xV5Oe,2026-2027
e8TWUWg6Btoc,2024-2025
bDkdcdFunlxG,2010-2011
CGjJSHv0pHHy,2024-2025
ccMlkQ0Ut1Hg,2024-2025
9eQezHTIi89Y,2017-2018
7vOQ0R0fv7ae,2018-2019
UprHAN1jdcEn,2026-2027
WXzPsFa7XmbK,2003-2004
agFFf1VhkXyr,2020-2021
Np5wjbmxmhSd,2004-2005
tdEZ8MEgyupp,2011-2012
icVnLPw9s5wg,2009-2010
cbkm1TZXSuAy,2011-2012
mb5JglmFaLq9,2023-2024
1fQZvutEP4hJ,2022-2023
U94Tj0HJe8uU,2024-2025
NThNxRI1AAHz,2014-2015
G1Q0fVFJYT13,2006-2007
BOYUDeDMpKVg,2009-2010
qlSVVbIrWw7E,2002-2003
dxBPtq1dMbza,2014-2015
kRpY4EdOKGw6,2010-2011
cbCKTDZG9S5g,2010-2011
SpFQvzHszwy6,2015-2016
lchWZC49L8yQ,2015-2016
MkqIVyGKisUe,2012-2013
H2FbOY1yTOqf,2012-2013
osNirIffGrl5,2018-2019
Mfoz2lES9MIz,2016-2017
xZVM11wV8zK5,2023-2024
m0trZRgcFbq3,2020-2021
zB1gQuQqJK0M,2016-2017
Hx1dEOr9HYNq,2025-2026
QR5EqpENb9tI,2020-2021
NpHZZSdQSpPv,2001-2002
UTRtZfsuYCai,2002-2003
TERW4xquSkFm,2018-2019
rBCWsW6RBV2W,2015-2016
vOIW1kY50zkg,2006-2007
x61csFD18lei,2010-2011
raPjvrlmZDMN,2014-2015
sc6Qk05xTt8O,2023-2024
OXOoVMIbmRXV,2007-2008
lZA8wOgPRZfK,2003-2004
eF44o8W9PbBw,2006-2007
9nWeddlrlXIK,2010-2011
b4vlILJuxwFM,2007-2008
moBexrZBRGrW,2001-2002
YQKXCOycK0xC,2015-2016
Fd1E7WugsRp3,2018-2019
kCRseGUgJodP,2004-2005
yZQa43rqPu9r,2003-2004
QUJwMBxDMDl2,2020-2021
ubO3W7j6vhf0,2012-2013
7ne1z0J27b4u,2001-2002
XM8pHB5GI9jL,2009-2010
zN59JgrB2qKV,2006-2007
kLuUj5KEaNZW,2013-2014
DMDUcuyLWo0U,2005-2006
knR8ZkGEhZBE,2015-2016
E8Tt2Aav4rIt,2019-2020
LUrq1eR6jZov,2017-2018
6jdRbNwM2b1o,2005-2006
EFYlmVx2O2Mm,2008-2009
npR9SFSyyyTI,2004-2005
1PoLZMDRl8Ln,2005-2006
clMCrZpcpxhG,2003-2004
TovB6mY6yfD9,2022-2023
IngxTC4ZAgGV,2021-2022
fzYs09H04CeX,2013-2014
9pf7T8RyU92h,2016-2017
jhU1fqORbJnN,2023-2024
KJrlkd3UkkqS,2007-2008
po3TC2ytyL6V,2018-2019
FeK9Nv8YWl0A,2015-2016
EN99gP9Ns2uW,2026-2027
IGTtj26jERka,2020-2021
8VOJ0aYKkaxb,2018-2019
xhnIB8ILLSok,2006-2007
vcvutUohKnRZ,2005-2006
CIcGFDSWwXyc,2008-2009
TgGDQ6E6OIsp,2001-2002
xo89yHiPhJWq,2006-2007
SDL9iVDpPfAZ,2002-2003
1fAxxPlNJpFq,2016-2017
rjbefK8Nj9Ui,2012-2013
k0s9JWrGLs9m,2001-2002
LJWCnbv5grdU,2010-2011
UQH79ZGAsphQ,2013-2014
HBkPtH4xGaKS,2004-2005
G0ypv3BuQOSF,2014-2015
hUusG0NdSMLV,2021-2022
DF2NKlDnHuUH,2007-2008
tFpocSYpfFpK,2006-2007
YMCImwdKPt3I,2020-2021
zpJzVza0idbN,2026-2027
9sGE0BchJ6Px,2010-2011
FGMh1dRl0NXl,2017-2018
onX3Z09JyQ9N,2024-2025
ks59NbDy14RB,2012-2013
WqGwUIQ99a83,2027-2028
cHoIjqY9zFc3,2015-2016
Q91Mc5U3cTQK,2006-2007
t0Y6u8yKCHGO,2005-2006
IzbJbAr7PTcB,2018-2019
eXmIQO0slGxb,2007-2008
kps8SNJ7TC1V,2011-2012
qtaeu77T0Zxu,2008-2009
6gcAyBeUyADD,2001-2002
ZCyas7qCfp3x,2020-2021
DvsID3Iv430z,2004-2005
Jq6nK3NSGz5e,2011-2012
6iErkQY2tVA1,2027-2028
JncheEF7exin,2002-2003
s0z33EGEe3Ig,2019-2020
MC8BO2Oi0vVE,2017-2018
4czATdSZsAyv,2026-2027
47qQcBhsXHYX,2022-2023
t5U1NPI2LMDb,2008-2009
A3NyHlpoflk8,2026-2027
jqKPzc6EXuXr,2018-2019
8cZUmUGR3R5Y,2012-2013
BdESLo7hx4yO,2013-2014
6micZnqApAmJ,2003-2004
bkrmpU2pze4p,2019-2020
tZijHDM9egCN,2008-2009
oIuuAtwH5rOW,2025-2026
14Av9kKRMGPb,2017-2018
PCrAnQa0CqnB,2025-2026
PZSesmOE55or,2009-2010
hVbD94IZw3Wv,2008-2009
tkGdrBJNi5j0,2021-2022
1vJlJsqLPbv8,2008-2009
LcSzacZK7OCj,2025-2026
8dbokO79ZOVu,2010-2011
Wel449aonmKz,2013-2014
oh7TNgNmFfjp,2008-2009
jb22cVxLKYGE,2004-2005
pXy8wny4G3AR,2011-2012
vYPDycN2BIkm,2020-2021
V0rEF6RP1YzV,2004-2005
NsdDaenwjbRm,2019-2020
OEXOyrWAvmzr,2021-2022
MWVvUhHNDJaL,2018-2019
lqCZ3vpkRFpn,2016-2017
C1VVx1gUyhKj,2027-2028
OZpUtk8J26U1,2013-2014
nrWXfRXgqH0H,2021-2022
0HkjuNV26KRG,2024-2025
T37XSmN1OZKb,2002-2003
RmclwdOqnzqe,2016-2017
wYAQ2TEUPoKf,2016-2017
SGF8hbDA95gQ,2009-2010
yrZUGMa8JGOw,2010-2011
fybtjSubDSv0,2001-2002
RI0fGCMys0TY,2006-2007
UngFJfroPUto,2009-2010
5TnmP5GW7Hud,2008-2009
NgBvLAh83MGv,2016-2017
GlbFO9gDy90V,2021-2022
ZEjVbVblkorp,2010-2011
Av1X7EQr2kzI,2017-2018
P1rDN5pscguj,2009-2010
mK00iS94SIic,2023-2024
3ua4tvVyvLuK,2017-2018
KKFAxZLVyYOU,2019-2020
TEIpjo8I7utF,2001-2002
67CvyoBw8eSi,2018-2019
q04pLFRmJsKh,2006-2007
GWqN1HzA0hDH,2004-2005
UMWV4aPbSbFx,2026-2027
h7uAHCb1nM3E,2008-2009
jtyseStaZn0Z,2001-2002
uLIvzurgD1Ed,2023-2024
SprGaa3o4XWP,2015-2016
SINks7MtnmLb,2015-2016
JbXo2RugL3Yp,2012-2013
DB5onCCRVCwF,2017-2018
rB04nh5oZlmF,2027-2028
tfdtNINPHcrl,2018-2019
hmZGjC7bkYkq,2018-2019
VS9VZg6CgB3F,2002-2003
ff2t6LMmlsJV,2017-2018
Vati2ncVoriV,2008-2009
Ewrib6X7PJDD,2013-2014
DMYWTE4b5Ffs,2016-2017
B7jWabSRpRuE,2022-2023
3TjNoJwkvJpG,2006-2007
ONO5KwU3yNhf,2002-2003
ZySW9bUF1D4k,2012-2013
gBT8xr3SJhLn,2027-2028
0lJTk1dzmCZh,2014-2015
SLReXvGi73i6,2026-2027
wVU4F2zZaIua,2024-2025
aWaCknJh0InF,2001-2002
LZQ8anWmNgK2,2022-2023
fTa3BMfFhzq9,2016-2017
OFCHNEqQylmC,2017-2018
Ml99m0MFazgR,2017-2018
aGNK47ND8ZpS,2003-2004
0j6G8XebHkwy,2018-2019
oQqu9kYG8Rrx,2019-2020
xZOh5j410sTR,2007-2008
3eGj2CHZDo96,2024-2025
FFuoLIrsnaye,2003-2004
I37jKSorjbCy,2008-2009
4IeYRUgZTY77,2009-2010
JbnG7MelVmPN,2014-2015
7wCY8pUy2XvB,2023-2024
PnQEE5XsJkZr,2015-2016
mBtNfi9DLpVV,2026-2027
rFgnSri7pQxo,2008-2009
OqvzI9ZI3FFa,2008-2009
Y2TlWBpqzfzg,2023-2024
KatpSW1XtaNA,2013-2014
JLZBpDMuxvk0,2013-2014
WhLr90xGWSVJ,2025-2026
KLWBrwlutHuY,2019-2020
IOvAJIJsnuPZ,2015-2016
UuBgX3XfZeEA,2005-2006
3isw3hqOj9Ic,2004-2005
lee8JlukADJX,2022-2023
cIYeq4CjvD8P,2025-2026
5reacyvSZvSr,2009-2010
jyj3ePOQQiAi,2004-2005
wkJGk1vDV39u,2025-2026
KtZrqyjhCfZq,2011-2012
CnpbOCUWWfTo,2003-2004
5YJ92j2xrD2i,2001-2002
qsxPxW6uYVTi,2024-2025
3bJtAXhn9n5G,2022-2023
v2OO83kLAOp6,2022-2023
Z13SJNIadtY6,2008-2009
zyZG9HI799xD,2012-2013
u5Lu4gY4qHtx,2023-2024
hTe0iz56EchB,2008-2009
N6M6oeIsJOrP,2016-2017
A7zuf6EiVZJY,2015-2016
dG2DUprhGMzr,2017-2018
HzK5D3FX9cVN,2015-2016
0Vi1wH3ve8FE,2020-2021
cM6RgWktEy4D,2020-2021
bOtvKm64uvkF,2023-2024
sxAcM1Yvd0CZ,2015-2016
WKYJ9fJPzTli,2018-2019
Lw2EK1h60pDy,2016-2017
D9cYEGkAt23r,2012-2013
aaFLRlYxbd4q,2013-2014
qm6m1ntSdFWk,2019-2020
8tR3uUCqQbBv,2003-2004
C0qAnYIEdVNq,2003-2004
bxAibaX5ZMSz,2012-2013
Kbbinneg1ZO1,2003-2004
ZR158WjjM5bt,2001-2002
x61zaaCo09Sj,2026-2027
69Zxo8siItmp,2016-2017
YvBO9ywJdesT,2024-2025
cveJwE4b7yFN,2022-2023
RtVeDUfQbrdy,2021-2022
G7U20uWyuujY,2025-2026
OmcLHZOkfVsb,2009-2010
F1YZ2LeI9Ttc,2004-2005
dCdfxrVK0WH8,2014-2015
2QDBeDHMceAd,2020-2021
8CNj0dh0v9jk,2012-2013
O26z8qM0G7b5,2020-2021
3zMP6j5klhpo,2001-2002
RUynigrSVARV,2023-2024
myLxcUcaWIax,2024-2025
eunz70cNeSZY,2021-2022
sfCM8QFs2zyD,2024-2025
NE1kM0ID6MNg,2018-2019
dPdGnn6zNSXM,2004-2005
GBkRjW5n5V72,2014-2015
RbzrHRJUumB0,2010-2011
GKyYnAOevFxz,2006-2007
cbJP9CxlSdPR,2021-2022
gcxHTyQ8sCB4,2012-2013
LLDypG7t74Q3,2016-2017
q27y6lhKRNFW,2008-2009
TmqvQYNoulXF,2027-2028
WsHv6HMfm0iM,2012-2013
5VFHoL7gs4WW,2026-2027
Qy83AZYU3TBX,2009-2010
OYkvqvI3VzL3,2001-2002
MMeekMgcTLS4,2014-2015
VP9WvB0qGcHC,2004-2005
fzs9VMzslWDf,2006-2007
TSOUqVXiOuHc,2021-2022
4o0eJXc0FGBp,2002-2003
S6NA5AkcwF1e,2004-2005
HbEm9hY1tLrZ,2022-2023
pz9an6k5x76D,2017-2018
mMwqKTljwjFF,2008-2009
OcZPtec3myWB,2004-2005
Kw3cNLH8vlSm,2013-2014
U2jal8AQSYgH,2017-2018
4uUxPLfziowO,2011-2012
wFkKJafC5qJE,2017-2018
dHbMAgmf1ZTw,2001-2002
4bciKKiOsFYf,2024-2025
eRZn7iYWfz2M,2027-2028
GeRqtnc7C5vZ,2001-2002
4T4oLO2VEjUJ,2005-2006
lRrmj6wGVDa7,2003-2004
tEg540dUQu4C,2022-2023
PoR4JX0JWkF2,2027-2028
7pt9EIsSnIPP,2010-2011
KW0HvvUZ1nCb,2024-2025
RgMWXU64GAiF,2010-2011
55dbXEe7bClo,2024-2025
3xkWLYJW7S8j,2015-2016
7i0HI9HLL73x,2011-2012
1SScW9P0mzqQ,2020-2021
NtBiYm4e5AL1,2005-2006
i6Cie8PS1SmH,2007-2008
LW8FiBUveJKW,2010-2011
doHaiabNOWpy,2025-2026
xMIEefZx27YD,2017-2018
xpcM9QUH8Leg,2006-2007
g8M8KSFj7enb,2003-2004
uxicSzCfL0iJ,2011-2012
HERpSmaGHLRq,2006-2007
6OPx4fSN6ZVH,2009-2010
wHOHRcfxjkS7,2022-2023
cm8cv1digtCt,2008-2009
tuc4eHzd8XSd,2005-2006
KmD6yfHBU6hS,2003-2004
KyYG1FBrrqsI,2004-2005
O1ZngVq84drv,2016-2017
dwoiTENtERqB,2022-2023
z8tgj2WjfHQP,2024-2025
RWlSmwDWck7v,2020-2021
KmhrR8vQtERa,2004-2005
HkIW4Pfw5tMY,2011-2012
dswZk6TgoSJc,2006-2007
dZUcX6XwGyHa,2009-2010
kOPK8BCJ2KR5,2011-2012
bkCjGrfgundb,2003-2004
QHN7yVwmtu6j,2022-2023
yj0zsuK7V18p,2017-2018
Eq8hVp19btk0,2023-2024
ozwJX6J8mnxv,2017-2018
oHFWf4qmTDTL,2006-2007
zwB107Rng9Bk,2003-2004
bqOYsk3uUdw5,2019-2020
xdVpVX2PK635,2007-2008
KutV919k8dKD,2014-2015
lf35nQ2WJuzt,2023-2024
XlaVSnsHMUTh,2013-2014
jcSMJAHEXYav,2026-2027
sUlEwjWFsXfQ,2019-2020
WhPpPxBoXelU,2014-2015
3GgF3C77S8Di,2025-2026
rmMfj67n6maV,2005-2006
uXNaHGBWyQNv,2011-2012
KtgfCRqrLtIK,2022-2023
5HCsZNZS66r8,2011-2012
8d37pZnEFQfQ,2002-2003
p1j4icEayMAq,2013-2014
yeJYUx2WYodS,2020-2021
ZLcNqTqrursg,2025-2026
nZ5f4A1XFbfF,2026-2027
2Lz3ONHQfBqq,2020-2021
Y1MNOB7u1cx3,2011-2012
MYnPZ9HlFBov,2025-2026
pR447qq5Znoo,2016-2017
pVTAEfpfULJG,2023-2024
5jCxiL8hH8sF,2001-2002
akkBcrotvJoT,2012-2013
3WzOeCsmtzrV,2026-2027
HCMQqiFdDbAY,2015-2016
hKLXgVXsCD8N,2013-2014
0evEPSu6frqi,2021-2022
lEuEQ3N5zaKG,2014-2015
Mm28JhCzSzvN,2009-2010
zvEA3AGvOm3h,2008-2009
pSps6hgGM5kX,2015-2016
33oypfbqcgrZ,2016-2017
ZEVknzmcxnqY,2001-2002
5E59sYJlWPh9,2024-2025
kRPpncejFVmZ,2012-2013
ztPbwEXurPmr,2011-2012
cACM06YvBnsi,2004-2005
Z9kDoG49dW1o,2018-2019
dQCZxrOwAEL2,2006-2007
iqgIv3hL2rPe,2009-2010
RifnEw6J7TNN,2005-2006
lurRfZHY6tE2,2008-2009
agqDcCrmNRn0,2024-2025
Pn2jqIZonX1o,2004-2005
vqtq7kb1Gkoc,2010-2011
D3Cq6lr2kAdW,2009-2010
684Jv2nNAZbq,2010-2011
9kWVks9IwcRc,2015-2016
s0nnDnmtDcxv,2014-2015
kBmp3CVURXih,2007-2008
bevxP1RFfBq1,2026-2027
tEd2U3LbhlIy,2007-2008
UBkSpLFGmNgM,2005-2006
dN7PZUaLKVhc,2001-2002
NVTEtWE4fLjj,2001-2002
7gHh0OF5KaRt,2001-2002
q8Rk5Yq75hRq,2012-2013
uuFddsy6ESfp,2020-2021
5nNvi26mGhwL,2012-2013
bGdy3D6Sd8Un,2024-2025
IEFF6c7ZGAJX,2013-2014
9rFAq8x55i9J,2017-2018
xt1CV6ztyVXz,2002-2003
IGSZ0734QGah,2001-2002
FihKDFy63NFY,2004-2005
Kp79oLvoLBTO,2004-2005
WychN8jpxPjK,2003-2004
urhoOssJ788o,2003-2004
nQng1d50BtYx,2005-2006
Np6JgsiWgZ2L,2007-2008
pRu91FkHM7Nr,2025-2026
WkHGaXjAHdPl,2008-2009
uJE1rytesVXG,2027-2028
aCb4Dmj0rmWd,2004-2005
xH1aB9hXmKe9,2024-2025
faEed1bgfNyz,2025-2026
BnhSvIOVTPUX,2008-2009
G07Dp5QK0Cx8,2001-2002
64dCYPhxVNAd,2024-2025
smg0QhUKAbms,2018-2019
RHDnxMG27lsJ,2002-2003
LRJByVixaFuH,2025-2026
PzvuAvGAgwR0,2022-2023
plVpxpJvhJMi,2017-2018
TnvVbZcHu1lH,2026-2027
mGqXrs0a4VSH,2002-2003
TnCjqyLPEDQ5,2006-2007
acHs5e0pImAR,2023-2024
ZyWfnt4mGMFj,2002-2003
l9xtVrFLFiZB,2018-2019
XpmQFsv1u0ha,2017-2018
6jUU74drCbtU,2007-2008
Yl2FCon6roje,2009-2010
6ZZDJ6lIUbKx,2024-2025
IpQFv8diYgSL,2010-2011
oCod8Ccevxea,2012-2013
Z1qCAa7WhZKU,2015-2016
vduzBwZNAuN3,2002-2003
ObodOoCwi3xz,2013-2014
RpWgSM4ShmUX,2015-2016
QP4cSlrpOqpw,2017-2018
umcsiyW0IeM0,2006-2007
W8tluog8Sw8v,2026-2027
BPghuFyuhyv8,2009-2010
CcVBlpcCqtNe,2022-2023
HwiIFlKLlk53,2025-2026
VBRFu1mwVVGz,2015-2016
9ceSN2LM3D3X,2004-2005
10BxJk8g3yMj,2004-2005
VF3iz5BeasPd,2017-2018
Zg1jd3iPsnAI,2005-2006
aGy4h1nfoeeL,2007-2008
6erAmuqemsod,2009-2010
arLmUt2yvzcD,2018-2019
BOopCQ3WOfbH,2009-2010
7ahwPVjWg0vM,2009-2010
wR9VQiN60Gz9,2022-2023
lvoAvIzTbPWP,2025-2026
UX38GsxxbvBf,2022-2023
KGoDGBYx2hTG,2024-2025
behRV1eScoyh,2016-2017
LqQoNQmbrp89,2003-2004
Py8vaiQnSeDI,2023-2024
KHcd6eqcSuwv,2010-2011
cdchOERcczHv,2015-2016
iETDDUdLalJT,2013-2014
H2cK0HVrTrJP,2021-2022
Olntcuv3r2hQ,2022-2023
5iPT0ySjqvTP,2021-2022
Xyy3AADwMDd3,2008-2009
6NjNppKLUL5l,2002-2003
RC0qbFMXarcx,2017-2018
0HXCYDT4eqJ7,2018-2019
BHMTPXUYXONG,2012-2013
Md2XMu6ZIqlB,2018-2019
1BEO4uflxcOd,2015-2016
FKyxCWb8eVm2,2021-2022
3Obt2TTwDU2z,2018-2019
hYQma6IKEFu3,2001-2002
EyO91UYrzA6s,2006-2007
XTJNEdA5d3yK,2016-2017
65FkLTCkuumR,2012-2013
JLJk5RfthYn4,2008-2009
uTzXGqEB5jBW,2025-2026
lJEKfPtGsxgQ,2017-2018
EzrQsauIs64G,2013-2014
UfsOIIwFpYxk,2014-2015
l46KvAEoByft,2002-2003
W7gSVcwChVlR,2015-2016
O4AEnDSf9TmL,2024-2025
5nAoUCznFm77,2011-2012
3tnIAP6c60CJ,2021-2022
I3xMJ1ZJiH3A,2024-2025
jaw6LDjjmWyL,2013-2014
SpzdX4OW4enI,2018-2019
Tk0vy1kcDU15,2006-2007
8M0DXB3WVZXT,2017-2018
dSucLgeYxkBp,2027-2028
wUNswwK07XBm,2012-2013
jZezsyES57qc,2003-2004
p5AwpUsXbLv7,2014-2015
hYYuFbz5BjIz,2011-2012
MlrjlzCGDNKi,2001-2002
G55xXXCkFSCq,2027-2028
O2taj3xJog4H,2010-2011
VjBRVnoFvpSV,2008-2009
rXHudmaETecl,2023-2024
Z4iz7rMcWnNz,2007-2008
c5gfuFy8mgE1,2004-2005
HHGbWRFFty6Q,2002-2003
3bRvIluLgFrf,2019-2020
hP5DkYjAUfbm,2015-2016
tRkQf4xzsH86,2014-2015
TIH8bMDxnPE7,2026-2027
HYUqCef74Q0E,2026-2027
cHoYW250Mmtt,2025-2026
DYsvpA3sL64D,2010-2011
rOc46yZBs4Fd,2022-2023
mBDrNC1mzKaj,2010-2011
JtNPzUhryNhv,2005-2006
jdcKJMy3eos0,2013-2014
rlFgHVlkHX0i,2005-2006
JCF8yWsufdbH,2005-2006
KRMUj7YsyaLt,2012-2013
S9EFjNecFnXv,2006-2007
GK00A8otjSDH,2009-2010
G9buCT1EHaEF,2008-2009
RwOI8JOFmryB,2020-2021
3D0EnxSKOy2G,2010-2011
T9jWV4ZKWv6r,2007-2008
O1HT2YHzABY2,2009-2010
T1bFCDTQSARw,2005-2006
1eWCG9eWH0DA,2005-2006
Og7zpRM3psQT,2014-2015
2GuBTVeOrBne,2017-2018
XEzU5P8yoTpT,2019-2020
EZDMIMYkFH7P,2012-2013
CJbmRsbowoOo,2021-2022
NbcvhcqqcYMP,2024-2025
navsyKDK75fq,2023-2024
clAZCUHcVipL,2008-2009
aA42DKYqahK4,2024-2025
uqPVNdf1OKDD,2006-2007
QmyqqJrQ86fC,2007-2008
YUZhMoTBSpJu,2022-2023
dGqhf0PvP8ks,2005-2006
AaPfI1neu0w7,2005-2006
0osXkdlLqBXD,2001-2002
bAPKzOdTwzjw,2005-2006
sn2vuI4RVY3I,2018-2019
daOg8ezZA699,2003-2004
1nLGpuEeBHwi,2016-2017
OQ2cO4KHI6Xy,2002-2003
OtLzAE23XHEc,2002-2003
MkvZ97henOpl,2003-2004
0489uZWIHGzg,2013-2014
5Akjb1JBOX0A,2003-2004
HzdNppZW8hb7,2024-2025
515o7ARwFF3k,2006-2007
dwUlPyceeR6M,2001-2002
Ht9IbN8dcDhR,2006-2007
dDyi3UBKV4Uu,2005-2006
6jnNqC7ekit2,2017-2018
24mAS5X2XbTv,2005-2006
2q54y4VReoII,2027-2028
ltmi6gEre5D5,2027-2028
Jt69MNgUK8Ft,2009-2010
y498WozVQqHu,2010-2011
R6iQaKMhL4eY,2009-2010
cfIrPp9wAPme,2016-2017
p9WmKM90Ng7Z,2016-2017
H1moXlmH4S1y,2026-2027
g8DaH4ijJkdC,2003-2004
3yv6vw4LiDHr,2013-2014
WmvTnSkf2Ht9,2026-2027
GFMuLO3Dv26C,2006-2007
PDXpDzDxIEyi,2009-2010
jq76ZxLwObJ9,2026-2027
uZBXcks2Rstd,2019-2020
jbJHq86506Dp,2002-2003
jchaqgEddjrW,2009-2010
nliMXpgxx9zf,2006-2007
gHHPqT5ONeOI,2027-2028
4CceGSV79hPM,2017-2018
Myz7Km7pI1SY,2013-2014
R8OXB1glcbDx,2026-2027
yRBNBHLvLv1i,2016-2017
NyZLH2uvtccn,2009-2010
Z9zUyMU3oK8m,2018-2019
VSTe8CzylQdZ,2015-2016
iilg3rfrvcpQ,2027-2028
zuGgBxjbbnFM,2012-2013
8yRA6BEpmYnP,2019-2020
p7NexLH0W6sn,2016-2017
wWGStEoHuq6q,2005-2006
1QBiXBWl3MLi,2011-2012
PizHsfl8z3j7,2001-2002
khXNa3FIf9Cs,2024-2025
llNRSr5gOrjB,2006-2007
Pd406jLzhanF,2009-2010
sNDOJNf195k3,2017-2018
TmgV0xWtjAsh,2007-2008
y5hfavwbpcTr,2008-2009
Bq7RUoCBNcEo,2003-2004
aeqFJzgOlD1v,2023-2024
WD0I9v9dSlEi,2013-2014
4AuG5T3iZ6Xk,2010-2011
8KqOZF7wvAQE,2026-2027
17Tfi7UtoPNl,2015-2016
Rm3sABk9IIN6,2001-2002
hkJvGBuid5Il,2001-2002
5IMVInjJTqIc,2019-2020
LCXmGc7vHGzN,2022-2023
uitR06kgDRxg,2009-2010
9htk0Zc9pAmL,2022-2023
JBEfh46jcgcW,2010-2011
hwDh1kqlMasI,2009-2010
AsE0bYA9ZwEL,2014-2015
I9eiA5YNgJd2,2002-2003
vybZmXPCZSln,2019-2020
qCLx42d4LvPF,2005-2006
zjpTQ8QThqsS,2019-2020
P2N4d9wVYXfr,2020-2021
oJzoJwETolKl,2023-2024
bXaeIkl1AKM7,2004-2005
Ld32BW8x41vM,2016-2017
erUYhQvNSr9b,2024-2025
AZzEhzpAD1RM,2006-2007
DxeFv6E1A5DF,2027-2028
zmFZ1fqPlZUi,2016-2017
qKWOp5Hy01tb,2011-2012
8IjYZHgyPbUn,2023-2024
8aWKAKjjfYnR,2016-2017
DFBMB4JwPOHd,2018-2019
wTxpZCIsEfVR,2018-2019
SozvniJn0bpA,2011-2012
WETvogyYa6O8,2003-2004
8ivfX1n7bjB0,2004-2005
BjPNkk9DhOS8,2002-2003
OLCS0v8c65XP,2023-2024
SlvfJ8U3eI4b,2006-2007
dyJM5HqO081M,2015-2016
XQ4AG19ae3IM,2027-2028
X1g6CazkU6Pp,2009-2010
N1Gi3NxPCvwg,2001-2002
0Rvk3wWYfcsx,2010-2011
gBvD4o4IVkNm,2023-2024
ktkid85VX3H9,2017-2018
63pKLemdt8GQ,2005-2006
iYo7hdfDR6On,2020-2021
ZilJWXwfXuHy,2022-2023
OmIQh3GUXIA3,2024-2025
TdS52ykrE0c7,2016-2017
FZuVKjpuFwfw,2024-2025
5gHVLAYPqk3a,2010-2011
tlZ5CL13po3T,2027-2028
lSh7kWd2XO7t,2026-2027
zIU9Hqy6pnXy,2020-2021
m1NwpxS9pX0I,2004-2005
CnyruqXdetkZ,2022-2023
kxTYSN581752,2010-2011
21vYBoQ8mznH,2023-2024
7sFZoL4uwqiX,2015-2016
VfCPDNDDWz6n,2009-2010
hbJfMp1emTZ2,2002-2003
ASYcQnAFmug2,2016-2017
840jF8wcPpCb,2017-2018
7iCwBtUMJgdH,2006-2007
NXOgw5Lo0xXn,2002-2003
rHPkO14EDXqb,2008-2009
eP1v0L2lHhiA,2010-2011
ESnNSdS227oR,2004-2005
Eu1SLmJZsqz4,2016-2017
Hac7QHChBqZg,2011-2012
nrOqxplEmnSv,2006-2007
vWtcUXWj0xtv,2025-2026
8jXcOYojmOIv,2020-2021
0VF5YEz6CoQN,2008-2009
G7uX5RA8tAlX,2026-2027
03uOt9jlKQIQ,2020-2021
5y7df6ufxpvM,2010-2011
RuqTyfP2adad,2010-2011
tlex9BcxOzE9,2011-2012
ncPPhtD39JzG,2011-2012
3Uskrp8vdGA2,2004-2005
XkfSMvMyVgfw,2008-2009
hVtUExIbNQyJ,2017-2018
aYQ7365kRonY,2026-2027
IamaZT8Lcp44,2009-2010
mdb2n2pD42je,2013-2014
6vvPENyQmYc3,2003-2004
VyPWPMz68wR9,2010-2011
HW82EeVD7NRo,2026-2027
pkmE4T6Wn10O,2024-2025
gUGnjpkBuRgg,2002-2003
mpyxVO5kmU6w,2003-2004
kHRaYJXmXeLb,2024-2025
NecyDQOKzmcN,2022-2023
AMyxxSEflzrl,2009-2010
ltgxqXqfNIi2,2011-2012
QgcVnHQKAldE,2015-2016
dYbCaNk747t0,2004-2005
dCJrkouPGWhD,2024-2025
cGicjm01Mv4f,2001-2002
3iWjvypbx4D2,2011-2012
grWZQp7jhTtO,2016-2017
YiODj4ohFIYr,2006-2007
m5pRmab6KnJQ,2022-2023
FthNhQBBDCh7,2019-2020
m26uRHuwpnYd,2010-2011
RFmF2Zfn0Bul,2002-2003
OTbhReOLgbCs,2014-2015
10GzL8IQl8Qw,2004-2005
NM4CqOp4Cbi5,2007-2008
9cNf23P9X6sa,2004-2005
KBoK91cl6SOJ,2018-2019
yKEq8ZKCsaqX,2018-2019
EZCgOOYbrbzU,2012-2013
WIdu4A7EkNOp,2002-2003
GW3XLLoFj1dL,2022-2023
KCqK6iu28syf,2025-2026
Pqsz5Nl18dLy,2002-2003
qvODTSAgMryH,2019-2020
c2lvZKnxtuxa,2012-2013
Kdkzs5ZT2aXX,2016-2017
yG3BYKxfSPa0,2023-2024
Dfkz9k46keDI,2003-2004
w9z5XFFQRBkI,2004-2005
aJJErDsyVFgR,2012-2013
U9vxzBRFm4cq,2009-2010
mUZVTBh5iCaF,2019-2020
6HOxRtaUxyND,2017-2018
2RqWg95JBoh1,2015-2016
wjpZpuLFbiVH,2020-2021
3PXbNfbvOzvq,2020-2021
kHM4dhbFHO8t,2013-2014
Dib2SQJ4z1ch,2022-2023
mV5BJr5al9AP,2011-2012
zgHTKw9OYRmo,2010-2011
scKeK3NP3lJ8,2024-2025
limHxxSBGAh1,2025-2026
hwGMvw8OroR4,2003-2004
cFBAb0uMOMFn,2009-2010
GDjaIbOYfEOQ,2002-2003
GqPVahrKAJbP,2005-2006
eiEUpAcHIddi,2021-2022
1Ygd76yUxsII,2019-2020
qBx5Geqxk0qB,2026-2027
nYnC3YasKVr1,2015-2016
met6ViemAzwX,2024-2025
cGiaYfEiLdKX,2005-2006
2CpIzNDixsj7,2005-2006
aKt4g6yIpztO,2027-2028
s9VJOn4E3yus,2025-2026
JuQR6gPCWkRC,2004-2005
I7aZdldFKmkH,2008-2009
m2r0axdq5yje,2015-2016
kyE13KQIVOXd,2002-2003
LBidqDFYDkkP,2012-2013
9jfm3EEQx8Ac,2020-2021
WbuTmJZBy34V,2022-2023
USlf0UbPp9tQ,2016-2017
JYJoUwfcPDiA,2011-2012
riiq4GHy9Se4,2025-2026
BWCmac60QCN2,2013-2014
yiBQ6cS4WEzl,2018-2019
6C3AnfPj2B5l,2025-2026
xH3GimTLYpkW,2010-2011
YLu3oN4KSZUu,2004-2005
fdj4cwEduTt0,2009-2010
95iCDQqjRa22,2008-2009
0Z6ozD7smjtw,2012-2013
egM1Xqn5TEVw,2007-2008
j844qZ1VbX0P,2022-2023
KihT4LOrL8Gw,2008-2009
3QCxtjX3Gb8x,2003-2004
scpwZBpBGWNN,2013-2014
nUFbrStbcwyS,2021-2022
Mwib4W9zuPCO,2015-2016
Fle1jOCAZbiD,2007-2008
V0CVg4ieSimz,2002-2003
LZbnzY2MPBmG,2014-2015
AtlYp4oeWFdY,2013-2014
gO8kOW3Ex0eE,2026-2027
xueJIn27kGz4,2016-2017
OSwVVeeUn67E,2007-2008
Y6CDbPiKnvxy,2027-2028
XuGdZhuUJyhJ,2016-2017
jYgXV1EhR0XQ,2001-2002
pGyehjFhdBFn,2021-2022
uREEQhM5cnGT,2015-2016
fR1AnpXJno1x,2019-2020
fQfrQol9NSpB,2007-2008
nSueDINMWtag,2026-2027
2ah0Zap6frrY,2027-2028
bsKZvKQsWxUm,2014-2015
hSs1MR3lne87,2009-2010
x8GGK2a9wwTC,2015-2016
cPJfJFwK933k,2002-2003
MvAH4HebsLeJ,2011-2012
LvPZCwvWjrKx,2012-2013
mpmBsn3GASuQ,2008-2009
I2VdEntxACRm,2004-2005
9Gc1FIaaUNBM,2014-2015
OZNZvOc7zZcE,2024-2025
GvHAbJOgOe5M,2016-2017
fSMWw8ptkawY,2007-2008
xgbzxLdK92X8,2022-2023
LfKNTcPMiTNG,2023-2024
U47UgbAPBvBU,2002-2003
v7OXSgOUr85t,2021-2022
wHdlfq16h0gC,2008-2009
vozvPIyscHUn,2017-2018
9aeTyovbl3Ok,2025-2026
IsRNMEpIRCpL,2026-2027
BaesnZnAJBm4,2027-2028
y6QVk1mHa0lA,2011-2012
vvDAYvwffMen,2011-2012
t1RE3hqVhm3d,2009-2010
pKqfZxbJa7tD,2026-2027
AFrTTRiNAShn,2008-2009
AiN1yFmXkQFH,2010-2011
4MhY2SB0qbr1,2016-2017
RvaIC4y7q4GT,2008-2009
ubZ0xzntfZrK,2014-2015
tjqlUaiHyXny,2011-2012
h1Kcyn8AVuXK,2015-2016
qikaac3PQXF4,2019-2020
227rTut330wy,2014-2015
lB4j5X21rOjX,2025-2026
39NvqN3DoxEX,2019-2020
9aEh0YYP4JSd,2003-2004
a4tHdvaJkULg,2022-2023
4RTyDriQ0VLX,2010-2011
SCWxjELmNVy4,2025-2026
F1GgtFpx0Qn6,2008-2009
eobI6JmiwxLU,2014-2015
2kuqyRv00zAO,2019-2020
m5xgNLFxP8Ni,2023-2024
VxVs0RUgkWXm,2022-2023
xRHu3bklBQNc,2024-2025
oYhjzduBLWUK,2025-2026
sPrOI7IYFx2u,2013-2014
baa0IF5SRtfO,2009-2010
mY1ARNljZeWh,2006-2007
NIYutb6GV9GF,2025-2026
AyYqv38ORnV8,2009-2010
y8NJt1XX3hn2,2022-2023
1osNCdX5uVqC,2014-2015
M4rUmu1L3t7c,2004-2005
fwdwnVIbKfjQ,2009-2010
6De3eLaIKAkM,2011-2012
AfhW6tzDakKu,2018-2019
dERMhfFD9oHn,2007-2008
TL5e4w1JM8de,2007-2008
IOzdpYxh7aJz,2027-2028
GGIMhj5BIIpX,2020-2021
6nhuE4NYo83Z,2007-2008
w5bT7Tmzw55x,2004-2005
0pptHRLtLf7z,2016-2017
Qcqg86wAktNZ,2026-2027
svs0zdyAzk3F,2014-2015
tYEZrHMBCvsX,2011-2012
Usy1sUpcH5yK,2010-2011
pn9m8SIkDv5J,2009-2010
TgdGHmxJT3Vk,2013-2014
9i19Fb9xCnPq,2013-2014
Va9hoFnTt4q3,2002-2003
koHINmO0B8sb,2017-2018
OwTWgMuDcOOx,2016-2017
iNkbb7xvDiXe,2008-2009
wzIf141gIvOU,2018-2019
cRW1DAzr7U3s,2012-2013
bNekmwXjoxQL,2027-2028
EMuEyApuYpM7,2026-2027
vY0cTuuJP5Dp,2013-2014
mQd0d8uyI39Q,2014-2015
qWBLjX0VWKjR,2005-2006
pimDbOUmN19z,2009-2010
maoZGDH7pd0G,2009-2010
I1sc9HjSijNz,2014-2015
zOF2mPsnUsKb,2007-2008
kRxAQ9Z0r4WY,2011-2012
o6KTVXU1ACx3,2008-2009
GpuzFE6enZhw,2022-2023
VOJX5sUq9Dw3,2011-2012
oYhsuhml2dvp,2025-2026
ezK3xnIBteyY,2003-2004
IWqA1VYAebXP,2020-2021
tVupaUi8glh4,2025-2026
tH5ptHEK0WIy,2023-2024
pTSS20yNxGFT,2026-2027
QheWurhXK0yO,2019-2020
MvsLmevkIWrY,2014-2015
lmCcPLjL8yOT,2006-2007
yIESbn2SxImt,2015-2016
Lzc7DAZqzw4M,2010-2011
gaemvmzImUaF,2013-2014
bm5W2YiCVPEU,2019-2020
xkX3OYMVN7U6,2003-2004
tds6yCk0Dg0B,2017-2018
F4qwUU3MIWrR,2027-2028
9Xukwd5dYTUd,2006-2007
n5q2VReyWO81,2005-2006
Bl79LQFAYBYh,2023-2024
nS5bUjBySOVD,2024-2025
70WnYBS2ojIF,2026-2027
1GCVyl2p4nCK,2018-2019
1wz4GwCWLzk8,2010-2011
aLlqomv0j1bK,2006-2007
EZaEzQNzz7Dx,2015-2016
yTXOzJkEwGpg,2005-2006
cINls3uBFQ2D,2009-2010
n0pmhEASQiDb,2008-2009
BfVn0WK4vX5g,2007-2008
uOVgEYmTetcd,2018-2019
cljpIavxVyX8,2001-2002
r8MRFhnJQrtq,2022-2023
DPs9EcU4hRVU,2018-2019
qv4ylqytBYcs,2026-2027
DqDf2HEizo2X,2026-2027
JcbbgKotvzM2,2022-2023
y9jqS0n0dVyk,2027-2028
PVlmDltgMmOS,2005-2006
iMCPGM6U3Oi2,2011-2012
QuSldAfVT9y9,2009-2010
TO0x1u2j294z,2020-2021
hLVctpsjg4TT,2017-2018
yfcd8t9qWOAf,2022-2023
Lhkv3RjnZG7F,2007-2008
oJdjDWpGk8m9,2001-2002
uU2SWG1qfsAL,2023-2024
pziTzqFfx9A8,2022-2023
ZohcInt9QR5d,2004-2005
g9UFhUxzEhPt,2022-2023
Wc3tVzoLhZil,2003-2004
hheWvBbCAC8g,2022-2023
iZmVnredR09f,2013-2014
NtYodOq52Us2,2019-2020
oTWc2Nf0lVUo,2006-2007
2mv2NV95JdlV,2024-2025
XqdBTdhPikvD,2009-2010
m3XFNzXvYXGi,2003-2004
EGFxLwGpiuIz,2003-2004
gpb8UaELKcM9,2025-2026
ns8z20y6blnz,2026-2027
3LTsExB3pr02,2012-2013
DaPFJhOL4sRe,2021-2022
KG3okUeZZuO1,2020-2021
fzaKjugcTswp,2025-2026
eFYpkFqtp32q,2021-2022
uFyJCZIMu57N,2014-2015
dtvQdWnZpRhy,2026-2027
jaQ7zcBZf9lL,2013-2014
vFxPZXoLGMj7,2019-2020
H7g7LWEmt8nV,2026-2027
qJYlfOEf5TmQ,2027-2028
Cfeb1WNWQFSO,2025-2026
zyGs9TpdQyLb,2017-2018
gHHGbCWNuAz0,2024-2025
QaxHleFqOG0Q,2001-2002
6asr1Bl52dHl,2005-2006
eRDpMH5iwPEW,2020-2021
LKKJGQ5npKNz,2016-2017
kLKAd8jb39Ah,2019-2020
LSdZarUX3H1e,2011-2012
mOf4T3DAWKnk,2016-2017
RvUWpEuO7cYq,2005-2006
UNdScNckFoqv,2027-2028
YnjC4qml9YgP,2007-2008
1Z4H4eTMvIep,2025-2026
nlG9JX4qL8Zx,2020-2021
tkgqOXUv2nAl,2002-2003
z76kXYB2XFv2,2005-2006
HHxPbfjr0JVS,2019-2020
E0XkeM38YD0R,2003-2004
SZLEeHfUeb2D,2016-2017
2S2Bxwqtla5r,2001-2002
huQNqutrOLTT,2006-2007
cJgOhCVdMQby,2012-2013
CUG7uWPzamLD,2019-2020
egK0ULymyyYz,2014-2015
jJbVkF3DnEnp,2010-2011
FrZYlrioy9G2,2008-2009
02JzxuM6nhdN,2011-2012
QqQCvQZgMQkA,2015-2016
xXEhXhV6sufJ,2002-2003
t2UldkvRKENg,2006-2007
d9g83hywxmou,2021-2022
cV47dVFPkpUm,2015-2016
HlkirNU3jh9B,2006-2007
kNuiWRXeBxpg,2001-2002
qWxVoIp12uQC,2010-2011
2JaF5q9PO6UI,2025-2026
DkGwpjNGSXZ6,2016-2017
5ZBLuQyO8kKp,2010-2011
1ooPv41FacfD,2008-2009
oLb0cQbSu8Aj,2019-2020
A5EqZX0x5t78,2015-2016
O2Az2beqkV3Q,2024-2025
klLheIlfjYYk,2002-2003
Xqym62KZEn1Q,2020-2021
R0izpdltQktB,2011-2012
olUoi8So0gJl,2018-2019
VPSxrOfJDCi6,2026-2027
cQ84XXVRMLZW,2014-2015
vEzAT0J4nowx,2027-2028
QCtncjThv4zD,2020-2021
AHwqzzDdSI8Z,2011-2012
1SOvaxVrvYDg,2016-2017
8WwMY7TexAGO,2021-2022
1x6DQuWO4MPR,2027-2028
H2N4BgngXUSX,2027-2028
laKotvsnla9Y,2003-2004
h4LAZeQmOBHP,2019-2020
UkbvumTiRQDs,2019-2020
e8phhwlXNTUO,2018-2019
Nutvp4APWU0R,2017-2018
nbF9JacS277u,2025-2026
y33BONCLTxqS,2007-2008
1Va06lCT9DJ6,2017-2018
PEuKuduXmi8L,2024-2025
1k8TzV6Kfv5H,2001-2002
Z2TtzsFHdsE0,2003-2004
Eywn6zXqL6RY,2008-2009
BGtQY9nKdZKW,2017-2018
XDHolsXuxSSf,2014-2015
P0F7x77NJlfR,2023-2024
uChjH76dFSJS,2004-2005
uvmZyJyKOBNE,2010-2011
eqEqS5pLhdeL,2004-2005
5wPJvXGzoJ9s,2003-2004
sK4saOHZ79T4,2025-2026
NsJ4wYBiraH7,2021-2022
zCZvWDf4VSZr,2009-2010
s0XlLPXk7K6b,2019-2020
VeYLNRkNVQ7B,2018-2019
LK2AEjoSfBbe,2007-2008
e5xXGGQboOfd,2012-2013
eqqeMrBCMGD9,2012-2013
af6ZmSDOljby,2026-2027
vT87XGtpIswX,2022-2023
2JJF0NP7OtWU,2025-2026
fXQ1q7etZwEH,2002-2003
