id,branch_name,address,city,state,postal_code,phone_one,phone_two,email,website,resit_fee
WbWwGj6eOizY,Evergreen Secondary School,"719 Janet Overpass
Bryanborough, UT 40738",New Allisonfurt,Vermont,26040,(471)585-1570x38438,001-246-427-8304,jenniferlopez@example.com,http://www.smith.com/,8821
glbfc2s7r3Wg,Nottingham School of Arts,"735 Bowers Flat Apt. 159
Port Brianport, NC 56014",Port Christopher,Oklahoma,36239,+1-516-409-4459x98092,859.677.2893x8198,htorres@example.com,https://mcguire.info/,9580
XATWyMjYmtby,Hillside Institute,"5966 James Fall Suite 628
Port Leslieland, NV 36415",Nealshire,New Jersey,62674,001-556-307-2538x93812,(471)251-5464x51543,anthony06@example.org,http://graham.com/,3116
SqMvy66M0Mvi,Unity Hills College,"6886 Waters Coves Suite 540
Davidmouth, OR 62235",North Josephport,Florida,19157,+1-943-376-9527,645.460.6067x82978,zwalker@example.org,https://www.romero.com/,7403
MhfQzYGXZHmB,Cardinal Heights High School,"391 Herrera Circle
Andrewshire, ID 54018",Port Johnberg,Arkansas,22999,001-626-784-0668x20976,(672)993-4192x65327,jennifer68@example.net,http://www.cooper.com/,8866
8qwHQRUkZDCK,Crestfield Academy,"146 Sanchez Corners
Barbaraside, MS 63634",North Lucasview,California,28811,+1-825-816-8450x173,(804)795-5526x4198,latoya02@example.com,https://lowe.com/,6644
WrIG4ZjFoUnk,Twilight Institute,"138 Derrick Rue Suite 859
Stephanieville, NC 15056",Pricestad,Vermont,40796,001-842-208-7901x1412,804-901-8882,christopherchavez@example.org,https://www.knight.com/,3405
NsJ0KtltQp1Y,Harmony Valley Academy,"7397 Beck Park Apt. 580
New Andrealand, NM 63465",East Jordanton,Illinois,60678,4209203455,586-367-3603,timothymarquez@example.com,http://powers-hayes.org/,8521
ujTLF5DqgzFm,Maple Leaf School,"PSC 5690, Box 1625
APO AA 01670",South Jamieland,Nebraska,27202,406-843-4655,675.638.9565x377,savannahwilliams@example.org,https://fisher.org/,5172
RcZ2CQYHBCMD,Cedar Valley High School,"5439 Diana Mountain Suite 788
East Katelynshire, OR 39360",Port Jacobmouth,Illinois,73760,+1-584-366-8329x3749,5484355324,harringtonpaige@example.net,http://walsh.com/,5283
H5qtPE6XYTD7,Rising Star High School,"3595 Mark Cape
West Jessicamouth, NE 64508",Gonzalezton,Minnesota,11194,(815)395-8807x53142,001-765-703-8543x3429,amy56@example.com,http://www.martinez-jones.com/,4217
S3TZJHtItKzq,Bayview High School,"5961 Patrick Track
Calebborough, CT 52877",Nathanmouth,Alabama,64469,907.305.0026x1361,625-698-2004,michael99@example.com,https://www.davis-harris.biz/,4816
SOrWTEnldNiA,Summit Academy,"7425 Brown Parkways Suite 932
West Kyleton, WV 35684",South Stacyside,Vermont,32926,+1-945-409-4294x936,725-514-0205x337,morenojohn@example.org,http://lambert.info/,6688
pmXN4A00pTRm,Crestfield Collegiate School,"902 Dawn Land Apt. 812
Michaelburgh, AK 10417",Sherrichester,Connecticut,75533,001-545-375-3482x87290,(628)379-9450x793,mccanndonna@example.org,http://www.soto-payne.com/,5260
KJoIPReTsmBZ,Maplewood College,"0112 James Lodge
Taylorberg, IA 56564",Klinechester,Rhode Island,73789,907.346.6013x6842,(812)901-9275x643,webbeddie@example.org,http://smith.com/,5781
IQAWfHlxIEuK,Eastwood High School,"256 Erica Points Suite 823
Hannahchester, FM 78727",Fernandofurt,Michigan,87317,677-582-3918,488.893.4100,yavery@example.net,https://www.finley.info/,9527
0lMet4RV46jN,Greenwood High School,"661 Nichols Trail
New Tammy, LA 97643",Johnsonchester,Virginia,23451,630-760-6317,2819792285,michael54@example.org,http://monroe-williams.biz/,6220
Ef0Qz8olAFDu,Grandview High School,"797 Dennis Extensions
Smithstad, TN 61055",Emilystad,New York,32604,+1-922-461-5567x228,917.485.4008,rubiotracy@example.net,https://marshall-campbell.net/,7159
9O2CkGDTvQOh,Fairview Academy,"788 Ashley Plains Apt. 051
Padillatown, RI 26164",Douglasland,Illinois,46919,(596)864-0998x071,(261)556-5331x321,stanleycarla@example.com,https://fitzgerald.info/,6068
oxEAmBfSi7wr,Sunflower Academy,"12217 Grace Forge
Lake Brittanyview, HI 57614",East Krystaltown,Montana,98078,5412961383,+1-254-723-0422x4456,kyleroberts@example.net,http://www.campbell.com/,6465
79JM6NnrKVFc,Oceanview Academy,"21757 Juan Cove
South Cathyport, AK 04366",Port Ashley,Connecticut,84990,526-551-1582x887,+1-584-956-3390,tonyaschmitt@example.net,https://www.ashley.info/,9584
xGhduAtwLnfF,Skyview Institute,"9471 James Place
Port Cassidyside, DE 97045",Jodistad,Nevada,63347,447.329.3964,6115852907,sandralopez@example.org,https://www.garcia.com/,4044
7dEvjRibdr8O,Pinecone Academy,"240 Bridget Bridge
West Lori, IL 75275",Marymouth,Wyoming,64844,799-618-8182x0201,+1-962-762-6418,carrollmichael@example.org,https://www.romero.com/,6322
HIo6ylrjzw6Z,Crestfield Academy,"44556 Carter Village
Elizabethfurt, RI 16029",New Timothymouth,Alaska,08970,(971)611-8985,+1-434-562-6611x2090,nhill@example.com,https://ramos-mccarthy.com/,7341
RqwWNlIJW3Lo,Heritage Grove Academy,"74936 David Lock
Mendozastad, OH 41251",Debraland,Virginia,39761,288.641.5973,(844)344-7658x7300,gouldrobert@example.org,https://www.edwards.org/,6075
KWMK2Ups0iCF,Riverside College,"339 Christopher Fall
South Jameschester, VA 73163",South Michellehaven,Nebraska,25906,001-955-413-1445x20821,001-332-562-5456x10715,natashajames@example.net,http://herrera-mendoza.biz/,6349
YM2tQQsKRcTl,Crestwood High School,"9932 Wayne Park Apt. 728
New Cynthiahaven, MI 46225",North Alicia,Pennsylvania,02082,+1-395-833-6388x99149,001-739-504-9780x9364,bbuck@example.net,http://www.garcia-thomas.biz/,6960
aHziFgFDzGm6,Cedar Creek High School,"03683 Jennifer Pine Apt. 150
New Taylor, WV 55235",East Anne,Delaware,77406,001-341-618-1048x5583,555.904.9021,humphreythomas@example.com,https://joyce-garcia.biz/,5697
eW3hhKNnJ5IH,Golden Gate Academy,"7573 Maria Lock Suite 414
East Markville, CT 32175",Graceville,Arkansas,20486,(464)758-8464,+1-585-391-7656x61063,melissa71@example.com,https://thompson.com/,4949
Ttn2eNhbSxnx,Grandview High School,"3255 Andre Square
Murrayfurt, MP 03395",New Wendytown,Vermont,58878,401-743-1801x964,541.733.4192x992,clarkjeffery@example.net,https://thomas-cross.net/,9906
QiVyryWBINOx,Briarwood High School,"22033 Robbins Streets Suite 702
West Ernest, DE 50320",Andrewmouth,Idaho,62179,+1-515-534-9372x4058,001-621-678-7660x0462,jason32@example.com,http://stein.com/,3342
h1P6KWx3ajMj,Silver Lake Academy,"74325 Skinner Row
Cynthiamouth, PR 37396",Fischermouth,Georgia,28746,422-377-7195,+1-933-229-6836x82622,leeshawn@example.org,http://romero.info/,8665
rNyTl9xN5IVh,Cardinal Heights High School,"7165 Brown Tunnel
Richland, CA 61516",Lake Christinafurt,Minnesota,11496,632.660.2343x578,(400)954-0915x066,brian99@example.org,https://snyder.com/,6037
Bsb3ZjGdeDDK,Willow Creek Academy,"2936 Samantha Forks
North Keith, KY 59855",Anthonyside,Indiana,98811,001-578-759-2279x009,2034861037,arielluna@example.org,https://boyd.com/,7747
qfa3McPd6g70,Willow Bend School,"19238 Decker Drive Suite 124
Lake Marybury, RI 47856",North Cassieport,Georgia,56867,(394)866-1547x5023,+1-239-479-2998,ajohnson@example.com,http://mckay.org/,8183
lMgs2zdhQ9Pe,Arbor Hill Secondary School,"517 Hunter Ways Suite 650
Destinystad, RI 49891",Annemouth,South Dakota,27761,001-361-736-8634x09229,4679423630,rlong@example.org,http://www.garcia.com/,8929
aBibCJJJ4nIc,Mountain View High School,"088 Armstrong Branch Apt. 067
East Susanview, WI 00570",North Ricardo,West Virginia,24361,2825131270,+1-737-864-3566x8308,autumnlarson@example.net,https://www.fritz-pollard.biz/,9444
juTB0qagV4xh,Autumn Ridge Institute,"3176 Mark Light Suite 357
New Markview, ME 40181",Jonesfort,Hawaii,45585,(518)695-9189,001-395-882-3712x9841,tiffanywagner@example.net,http://brown.org/,3742
STVy9wPbyUtK,Westwood College,"39700 Abigail Circles
South Christinamouth, AL 46613",Kennedyport,Florida,58832,(828)876-7251x29189,(308)651-0879x00736,michael39@example.org,http://www.murphy.com/,8418
fE9azd8m88LQ,Twilight Institute,"34305 Haynes Point
Davidsonstad, CA 53301",Richardsonburgh,Wyoming,78906,001-418-534-3063x28991,+1-946-483-1257x3324,bowmanedward@example.org,http://dominguez-wilson.org/,7852
a9G2WvFzVxFW,Oakridge School,"903 Pruitt Knolls Apt. 720
Lake Michaelhaven, SC 39711",Johnport,Louisiana,39099,(803)825-9454x7022,305-508-8109x230,elizabethcarpenter@example.net,https://buck.net/,3865
qqfDxQV6I4Oe,Westwood College,"79758 Maria Spur
Conradstad, ME 29725",Lake Richard,Indiana,87388,(627)958-5944x36496,(418)520-9346,kimberly17@example.com,http://www.andrews.com/,5516
0nGShp1TKXWm,Twilight Institute,"695 Lindsey Mountains Apt. 033
Sweeneyburgh, AR 94140",New Lukeborough,Hawaii,72524,001-939-480-0098x5312,(481)263-7477,kaitlynwilkinson@example.com,https://harris.com/,8499
ZRUB2QFJMz9G,Arbor Hill Secondary School,"75283 Christina Burg Suite 225
East Juliemouth, MA 26890",Davidborough,Maryland,70422,(964)632-2780x7050,+1-326-909-4223,xmitchell@example.com,http://www.roberts.com/,6042
GB7nRwkbvNoN,Valley Forge High School,"8384 Ortiz Pass
Smithmouth, MI 72681",North Brittany,Virginia,56663,3602739127,(688)597-3846,ellisstephen@example.net,https://schwartz-taylor.com/,9526
MRt8NhhrMyzk,Oceanview Academy,"66939 Janet Fall
Lake Jamesbury, IL 53169",Collinsland,Arkansas,55680,693.255.8085x5245,404.889.5612,craigdaniel@example.net,https://patton-white.biz/,5650
jE8UTKRniZgk,Cardinal Heights High School,"114 Lisa Trail Apt. 753
North Ryan, MH 50760",West Linda,Vermont,74814,8566288405,001-698-537-3577x4745,coliver@example.com,https://www.schneider.biz/,4723
ZkwtNDoDu5EM,Shady Grove High School,"086 Sean Forges
Boydmouth, AK 27291",Stephanieside,Oklahoma,62530,001-616-963-9966x353,793-655-7666x3521,john32@example.net,https://jackson-graves.com/,9415
eItkZx4lnfGU,Golden Gate Academy,"754 Vance Square
Cruzstad, CA 75395",Port Haley,North Dakota,84133,001-397-826-2677x028,203-580-9878,nelsonbrian@example.org,http://green-briggs.info/,9674
UqgAxo1iyjoP,Golden Fields High School,"24229 Jeremy Knoll Suite 301
West Theresa, MI 08444",North Amy,Alabama,02617,701.858.3359,(358)651-1355x30357,anna83@example.org,http://fields-wu.com/,7395
M2CAydZvzW4s,Sunnydale Secondary School,"861 Wilson Cape
Valeriemouth, AS 23184",Laneshire,Mississippi,50336,(474)729-5741x2525,(513)846-7406,xwilliams@example.net,http://www.jones.org/,9762
Il6HPKm9MQgV,Crest Lake Academy,"2859 Amanda Trace
New Craig, TX 58420",North Beverly,Delaware,68818,001-690-352-4241x624,330.657.3818x4878,jennifer37@example.com,http://mooney.com/,8796
lMu5txDp6eN0,Lakewood Academy,"29952 Church Passage
Wallacemouth, DC 84556",Tracyburgh,Hawaii,36965,672-711-3634x40485,+1-520-385-6344x4062,stevenperez@example.net,http://www.acosta-cummings.org/,7302
pCTSx43RLPIy,Maple Ridge High School,"58771 Erin Spurs Suite 677
Danielstad, ME 72570",West Kevin,Nebraska,47370,478-862-8327,770.877.5298x039,johnpotts@example.org,http://www.collins-jackson.com/,4954
NcTgzA0RRtse,Summit View High School,"755 Valdez Rue
Josephfort, PA 21894",Port William,Delaware,69776,+1-396-661-2066,8446085322,acruz@example.net,http://johnson.com/,6579
N6gbWdkdML74,Skyview Institute,"60116 Shawn Stravenue
South Amber, WI 21685",North Mark,New Jersey,88485,801-725-1835,001-636-543-9530x25722,howardjessica@example.com,https://www.dennis.info/,3152
cxdScz6T0wct,Pinnacle Prep High School,"614 Washington Underpass Suite 908
Brandonfurt, CA 07911",Brittanyside,Colorado,63414,(463)416-8613,2839665947,philipvilla@example.org,https://shaw-yang.biz/,3028
F6psGI1pr5RF,Golden Valley School,"117 Elliott Harbors Suite 863
Amandafurt, DE 13329",East Amytown,Idaho,70424,(637)844-7473x74419,+1-539-396-3037,joseph55@example.net,http://www.ford.org/,4014
2lSsUaip4ygc,Lakeside Middle School,"567 Heather Valleys
Lake Andrew, CA 65133",Port Markmouth,Rhode Island,16348,527.529.2513,9698129403,christopherperkins@example.org,https://hutchinson.com/,7516
vqhQ1868G8Fp,Riverside Academy,"657 Vasquez Center Apt. 278
Evansside, WI 53295",Knappfurt,Delaware,39889,544-414-6862x614,(242)917-0990x97494,janiceking@example.net,http://www.lang.com/,9293
Z1EXcl0MsVcK,Crest Point Academy,"31577 Mercer Trail Suite 622
East Robin, ID 41587",Grossside,Missouri,85890,625.419.8921,(880)256-0834,schwartzzachary@example.net,https://thompson.info/,3916
AdhSU7REVwgU,Learning Tree Academy,"Unit 0398 Box 9975
DPO AP 06708",Roberthaven,Colorado,99418,(293)260-2834x1161,(291)205-6887,jasonreyes@example.net,http://www.glenn.biz/,9801
gWJqghwIqXph,Silver Birch School,"218 Ellis Roads
Wallacestad, WI 45548",West Eugene,South Carolina,74021,001-614-365-4230,001-776-201-2704x1769,elizabeththomas@example.org,http://anderson.biz/,9425
V8WZb4poBu7h,Hillside Institute,"25809 Miller Inlet
Smithchester, AK 81567",Walkermouth,South Carolina,35066,(591)393-1630,373-698-9131x836,kyle60@example.com,http://ramsey-sanchez.info/,7848
0usYb4ZAvXI5,Seaside Preparatory School,"902 King Walks Apt. 240
Boothtown, OK 52964",Acostaburgh,Colorado,96345,001-608-525-5262,846.303.2757,garybraun@example.com,https://www.green.org/,5632
SCCbnQyrXPxI,Eagle Mountain College,"7686 Watkins Ford Apt. 943
East Brian, PR 72237",Port Vanessa,Ohio,15479,447.521.2277,(291)469-0086x09154,paul93@example.net,https://www.wilson.info/,5244
D2Xcrzfw7C2s,Golden Valley School,"4894 Nicole Throughway
Port Elizabethchester, ID 72286",Reidhaven,Tennessee,23822,8177315736,2025304963,iwood@example.com,https://www.smith.net/,4061
XPWQAlgutexs,Parkview High School,"427 Reyes Ramp
Randolphmouth, MS 92305",Port Jamesfurt,Florida,88591,301.220.2677x168,535.857.3617x74299,kyle03@example.net,https://hanson.org/,6452
wTrqTDgdJ2Vc,Fox River Institute,"146 Meghan Island
Port Bobby, AK 26128",Reesefort,Montana,14839,001-790-470-9856,+1-588-961-2368x8342,reedwilliam@example.net,https://www.arroyo.net/,7915
Mvs9IoTTSv4B,Seaside Preparatory School,"60995 Kyle Ramp Apt. 101
Lake Marcview, PR 77154",Claytonside,Kentucky,86201,001-660-628-3822x64397,847-576-6751x67695,jessica79@example.net,http://www.reed-warner.net/,8649
E7Sclmx5K6Uy,Golden Valley School,"319 Walker Falls
New Natashachester, RI 30822",Roberthaven,New Jersey,94892,328-754-5082,(765)801-0666,michael14@example.org,https://www.cole-hoffman.org/,7945
2ceiiZerQEpI,Riverside College,"97125 Christopher Springs
North Savannah, SC 19076",South Katherine,New Mexico,95998,(969)507-5264x4413,(864)801-5059,ynichols@example.org,https://jones-wagner.com/,7890
rP6Vd6pyShtV,Clearview College,"3185 Washington Path Apt. 649
Shannonton, KY 49918",Port Kathleen,Louisiana,81034,(514)500-5744x671,954.521.4445,wilsonpatricia@example.net,http://hall.com/,9318
3BWQ3QGk0Q8q,Oakridge School,"5154 Burch Ferry Suite 704
South Sethfort, NC 10273",Bakerbury,Maryland,60832,(396)680-7987x422,4004469477,fbaird@example.com,http://www.dixon.org/,3300
5CZ0LqMTaW13,Grand Oak School,"1613 Larry Squares Apt. 785
West Desireeborough, WI 30568",South Briantown,Maryland,16549,531.302.4054,001-240-330-4911x41777,zmyers@example.com,http://graves.com/,3152
HPlwVc31EKiR,Unity Hills College,"1032 Lee Causeway Suite 089
Lake Erica, MI 03842",South Heather,Indiana,05262,635.403.5403x8738,533-933-4666x703,brettparsons@example.org,https://andersen-henson.org/,9837
tAQW9zV37mXz,Oceanview Academy,"PSC 2806, Box 3909
APO AP 75796",East Douglas,Idaho,93306,8593990648,(618)312-1958,mcdonaldamber@example.org,https://fisher.com/,5523
5cv0EQUD7TC2,Liberty Bell Academy,"26237 Perry Estate
Lake Ashley, KY 70757",West Jason,Arkansas,53450,(542)923-4587x450,934.529.8580x605,mark64@example.com,http://www.phillips.info/,5356
m7UWl8WhwmiU,Evergreen Springs Academy,"120 Maria Spur
Frankberg, ME 36309",Davidfurt,Wyoming,31849,9767980838,553.724.4153x4886,rescobar@example.com,https://www.mcguire.com/,3610
HMp6BdQdlcKU,Crystal Springs School,"828 Palmer Parks
Port Rebekah, MO 63739",Santiagoburgh,Georgia,26780,001-897-394-9432x9782,+1-679-771-4828x6116,sheri68@example.net,http://www.peterson.com/,7039
PRMzfgyxdc5U,Horizon Ridge Secondary School,"97405 Brett Mall Apt. 461
Nicoleview, NC 58832",Lake Brandonfurt,Hawaii,44534,327-802-0570x302,+1-517-378-9235x11952,kristinallen@example.org,https://pruitt.info/,4032
OmL1dS3IGixu,Evergreen State College,"35453 Brandon Groves Suite 266
Burnsfort, WV 74504",Kelleyhaven,New York,32388,2116289811,899.442.6859x072,kenneth49@example.net,https://hawkins.com/,9803
3Km2kPcItROC,Starlight Academy,"24224 Jones Center Suite 573
Jesseberg, PR 08856",Freemanland,Virginia,34544,320.987.3354x93778,001-515-251-0673x14143,mary60@example.net,https://rivera.org/,3786
5WiV2awc25T0,Parkview High School,"125 Franklin Track Apt. 174
East Teresa, VT 43499",Millershire,North Carolina,04892,600.686.9844x23414,866-522-3435,cynthiamatthews@example.org,https://braun-johnson.com/,4010
crr5XHbugwwk,Stonemont School,"5945 Smith Locks Apt. 218
Port Kurt, FM 28075",Hollowaymouth,Nevada,05739,6615855898,001-867-304-3041,frodriguez@example.net,https://lopez.net/,9877
mOcnMTmGLbcX,Crest Lake Academy,"112 Mercedes Walks Suite 478
Mackburgh, VI 71600",North Brandi,Maryland,95745,212.304.2790,+1-583-842-5621,teresa25@example.com,https://www.mcguire.com/,6136
vcqjxf1xRsb6,Pinecone Academy,"6276 Miller Crossroad
East Kevintown, DC 62360",South Justinchester,Maryland,72735,555-390-2036,001-297-346-2275x54523,michaelmiller@example.com,http://brady-grant.net/,3912
6VSKm06aVqLn,Eastwood High School,"0297 Jonathan Loaf
Hebertstad, WY 80196",Port Ashley,Arkansas,29834,001-912-658-6445x0585,001-923-775-2313x3237,gcross@example.com,https://walker.net/,5656
HdTsjor4OP19,Elmwood Grammar School,"3006 Rodriguez Fields
Caitlinborough, MT 36515",Katherinehaven,Louisiana,17484,+1-410-427-0337,786.368.4252x0222,benjamin51@example.net,http://jones.com/,7960
lphR0JQEE9RZ,Sunnydale Secondary School,"913 Petersen Knoll
New Christopher, SD 55737",East Mitchellberg,Oregon,96255,001-818-754-3713,858-417-5231,harry98@example.net,http://padilla.com/,4656
9VXIt1KzpNTp,Pacific Crest College,"9913 Robert Mission
Andrewville, MH 07769",Port Paulstad,Indiana,74877,853-377-1804,238-449-4489,floresmichelle@example.net,http://www.mccoy.com/,8570
6ITuCet1mjjd,Westview High School,"322 Owens Islands Apt. 762
Riverahaven, PR 70788",Port Mary,Delaware,34839,340-597-7883x1115,001-236-979-8730x56067,campbelladam@example.org,https://www.lowe.com/,4230
8EGXYugVwXAw,Pacific Crest College,"2593 Perry Junctions Apt. 013
Lake Sharon, GU 24143",Michaelberg,West Virginia,62376,(858)499-2109,257-915-3508,andreagould@example.com,https://www.mann.biz/,9369
gYHFZnlvIP7u,Skyview Institute,"USS Ford
FPO AE 42394",Mariahhaven,Kentucky,67482,409.696.9332x650,+1-285-744-6482x6132,woodmarie@example.net,https://www.ferrell-vasquez.info/,9582
U8wKFthgUXmu,Sunset Ridge Academy,"901 Lee Hollow
South Cynthiatown, DE 24668",Lake James,Connecticut,01446,8552456135,(859)554-1221x21341,jrichard@example.com,https://silva.com/,9428
Qkv0KAvuHJtk,Liberty Bell Academy,"USNS King
FPO AE 88361",Port Brookeberg,Hawaii,21402,001-472-572-1981x00433,+1-838-256-3101,johnathanbarnes@example.net,https://palmer.org/,6599
3SGF51M3b6cm,Blue Ridge Academy,"686 Hunter Stravenue Apt. 858
Nancyburgh, NV 15107",South Elizabeth,Maryland,04108,001-874-628-2211x7311,2032443209,wudaisy@example.net,http://www.washington.com/,5511
t12nLJ2RDOLg,Maplewood College,"749 Rachael Bypass
South John, PW 23762",Masontown,Maryland,43478,001-618-829-3601x01804,(587)889-9734,amandawilliams@example.net,http://www.perry.com/,7467
AgGS1tEpEM8v,Silver Birch School,"Unit 5306 Box 8991
DPO AP 91994",Masonland,Missouri,59917,587.929.1685x117,001-437-317-9522,vcarter@example.net,https://norton.org/,6742
okQA5mD94DZu,Eagle Mountain College,"3572 Melissa Fort Apt. 162
Thomasfurt, OR 35057",West Johnmouth,Maryland,33336,(637)852-0789x054,9673187305,joshua93@example.com,http://miller-york.com/,3249
ghppXbQosGl2,Acorn Grove High School,"32913 Jeffery Stream
Lake Williamside, IN 90596",Johnsonview,North Dakota,18609,+1-440-478-0307x669,(476)467-3218,cherylhunter@example.com,https://www.zavala-johnson.com/,9713
e3h9MDSlpa0k,Infinity Academy,"505 Hopkins Spur Suite 667
North Craig, HI 13882",Allenville,Indiana,50502,(655)440-1468x6034,+1-822-200-9746x7728,wgarcia@example.org,http://www.miller.com/,9187
DZOE7YWhk3t5,Learning Tree Academy,"336 Meghan Meadow Apt. 189
West Jamesburgh, MI 56173",Lake Craig,North Dakota,52398,+1-510-331-5529x976,(571)381-9787x174,zachary17@example.net,http://www.jackson.com/,4501
WFmptUubQVyj,Crest River School,"465 Alexandra Wells Suite 928
Wilsonshire, IN 92021",West Daniel,South Carolina,15802,(712)371-4507x67513,634.964.9836x34908,johnsonjason@example.net,http://www.jackson-lyons.org/,7069
hvuTbncVnELq,Forest Hill Secondary School,"601 Tanya Pike Suite 958
East Debbietown, SC 81399",Port Cynthia,Alabama,95458,(999)391-1760x3939,463.652.2706,klinealexis@example.org,https://www.davies.org/,6204
MSSDuXfU9eaT,Sunflower Academy,"2247 Heather Springs Apt. 139
Evansburgh, DC 44042",Garrettport,West Virginia,61994,001-224-614-5230x62544,5589779951,bettyhenderson@example.com,http://pearson.biz/,6474
gTcIuzZHe6bQ,Crest Hill High School,"328 Hansen Hill Suite 115
New Lisamouth, OR 45184",New Elizabethport,Ohio,84869,827-451-4749,849-736-3919x835,smithjose@example.org,https://banks-mckay.com/,3914
JlouxZ3CWGE4,Starcrest Academy,"076 Kimberly Throughway
Jasonburgh, AR 35770",East Daniel,Oregon,97945,589-931-1360,(658)770-6683x95763,qrobbins@example.org,http://www.jones-freeman.info/,6244
QQ86y0HGVGtl,Pinecone Academy,"89017 John Forest
Christinashire, FM 74170",Beanview,North Carolina,47468,487-691-3510x09679,9566559141,hramsey@example.net,http://pollard.com/,3716
zbrnfdWjDMU9,Mountain View High School,"76933 Samantha Tunnel Suite 570
Jeffreychester, MO 09678",Samanthamouth,Arkansas,76150,749.292.4776,(961)366-2114,matthewvasquez@example.com,https://smith.com/,5552
rPJfspzoOclH,Crest Point Academy,"382 Rivera Mount
East Robin, ND 04743",West Morganport,Hawaii,88691,681-259-5093,970.247.0974x094,fryechristie@example.com,https://www.beasley.com/,5823
BZc0REoNWeEz,Red Maple Academy,"135 Anna Oval
Sanchezmouth, PW 06683",Morrisonchester,New York,35590,(659)982-1778x05715,514.883.3450,awilliams@example.org,https://wright.org/,5895
JbQiEleLXD4s,Oakridge School,"15168 Smith Divide
Clarkberg, GA 93455",Ryanview,New York,50812,(665)291-2071,233-481-3443,graylisa@example.org,http://kim-jordan.biz/,7392
4RCHYh58KBBi,Parkview High School,"9773 Newman Cliffs Apt. 074
Hardyshire, IA 12225",North Whitneyton,Oregon,17027,756-483-5793x322,611.877.6565x531,mcdowellamanda@example.net,http://evans.com/,5959
Jj05Wq3AF5gN,Clearview College,"15793 Evans Harbor Apt. 525
New Scottside, AK 28754",New Christine,Alabama,26638,592-208-8264x9221,760.550.1105,stephaniecannon@example.net,https://www.thomas.com/,4115
ikjXTrN5TH8C,Windy Hill Academy,"365 Kimberly Points
Amberland, MO 79206",Michelleport,Iowa,45402,211-865-3858x3101,747-280-8667x38750,brittneylopez@example.com,https://wallace.info/,9170
75pSylQB3jP7,Crestmont Institute,"Unit 0438 Box 7261
DPO AA 77055",South Christopher,Louisiana,09343,(284)691-5607x41705,868-377-9183x769,laura28@example.com,http://www.beck.com/,9366
jJ95P31vNjvm,Crestview Academy,"1887 Cynthia Road
Jefferymouth, MD 72852",Leeville,Illinois,12646,380-909-2038x2956,482-246-1034,fitzgeraldjon@example.com,https://www.jones.com/,9003
nIydnx4RvlxI,Stonemont School,"118 Cristina Trafficway
New Krystalmouth, OR 00706",Ballville,Kansas,82013,912-823-6497,465.432.4270,kim66@example.com,http://chapman-ellison.biz/,6866
wdrQRZ6XUx3d,Westwood College,"Unit 8968 Box 7210
DPO AP 98257",Thomasborough,South Carolina,95185,(848)945-3168,(954)611-8898x849,lauriegonzalez@example.org,http://howell.biz/,7675
TSI6RvwtMUxp,Fairview Secondary School,"90456 Anna Ferry
Whiteburgh, MO 03908",Sanchezchester,Tennessee,50549,+1-514-529-0859x03544,(352)704-1669x913,lopeztodd@example.com,http://bishop.com/,6047
qzek4dMn4t6t,Golden Fields High School,"634 Frazier Inlet
North Christina, OR 97753",Crystalview,Massachusetts,00839,247-520-7139x93557,742.861.2225x939,gobrien@example.com,https://gibbs-jenkins.com/,4831
S3CcStMVFDv7,Pinnacle Prep High School,"8948 Gonzalez Tunnel Apt. 831
Jenniferhaven, NH 72170",Port Jerryshire,North Dakota,86916,+1-979-323-5413,651-876-2662x794,jasminegallagher@example.net,https://www.hays.com/,5182
JXfHqVZZyNFC,Golden Fields High School,"98788 Jenkins Loaf
Port Taylor, FM 89570",Port Alfredtown,New Mexico,02197,001-656-856-4236,(522)427-8968x100,zlee@example.org,http://www.king-smith.com/,9799
FKg9jJ94BHKm,Westview High School,"993 Michelle Mountains
Meaganbury, FL 22625",Joycemouth,Colorado,14586,001-935-779-5352x09826,+1-456-299-6507x466,lawrencemurphy@example.com,http://poole-stewart.com/,7623
FeBgYjsJqBXC,Meadowbrook School,"Unit 5163 Box 1042
DPO AP 76684",New Brendaton,Ohio,94474,442.658.5443,9538938409,mwolf@example.com,http://jackson.org/,7854
kXcEiLN9vjIt,Brookstone Institute,"54174 Wood Pine
North Michaelbury, NY 12787",Elizabethview,Nebraska,43056,7396664025,522.636.6624x650,hayesrebecca@example.org,http://www.reid-foster.com/,6118
g4nubwTpKnLM,Stone Creek High School,"71158 Crawford Divide
Port Brian, VI 17420",Johnsonland,Missouri,76474,+1-364-606-2771,+1-451-506-5008,washingtonmary@example.net,http://www.huynh-chandler.com/,4321
YLejO5rxwZd4,Nottingham School of Arts,"1856 Hernandez Courts Suite 563
Smithbury, AS 68595",Brownbury,North Dakota,50875,+1-875-503-5623,(358)916-3180x0454,ygonzalez@example.com,http://www.wheeler.com/,3504
0HgE7Y7AS8HF,Cardinal Heights High School,"41529 Cannon Islands Suite 638
Port Julia, MN 24966",South Williemouth,Ohio,44699,211-833-6876x4590,697.463.6985x0633,sross@example.com,http://jenkins-walker.info/,9670
IM6iNmnwfrqi,Hillside Institute,"88597 Phillips Drives Apt. 452
Walkerberg, IN 56019",Walkerhaven,North Carolina,87801,001-441-753-3307x4338,+1-824-460-4706x3431,frankkelly@example.org,https://www.evans-park.org/,4536
UUsi1Ztne6Vc,Eagle Mountain College,"756 Chad Shores
West Jennifer, VI 67057",East Rachel,Kansas,07870,+1-474-697-3144x1979,(523)208-1341x0638,druiz@example.net,http://www.ryan.com/,4245
8EjZhaOjgNKb,Bright Future Academy,"795 Karl Manors
New Kyleville, AR 94202",East Laurenhaven,Minnesota,07920,219.220.2511,5774822429,wintersdanny@example.com,https://glass.com/,8972
0CQVrGV5GwVr,Maple Ridge High School,"83816 Graves Village Suite 234
East Timothy, NV 70140",Port Lisa,South Carolina,26465,542-919-7151x499,846-304-3893x60410,oramirez@example.com,https://hall-mitchell.com/,4983
lmbiWbej6C15,Noble Heights High School,"8000 Duncan Hill Apt. 072
Josephshire, MI 11764",East Krystalville,Mississippi,44029,386.550.8079,359-853-1001,sshort@example.org,https://www.wilson.com/,4070
qaW6y0RdUr4X,Harmony Valley Academy,"930 John Lodge Apt. 887
Floreston, MI 76116",Port Dylanton,South Carolina,36797,807.514.5083,234.650.7528,johnsonandrea@example.org,http://www.owens-beck.com/,3309
TNr1cyaj7Jqt,Pinnacle Prep High School,"21651 Joshua Mount
North Angelashire, FL 45813",Lake Edward,Nebraska,15421,+1-286-284-0168,3128654448,samantha03@example.com,http://stewart.biz/,6911
XhCo2aMn23Af,Crest Point Academy,"79162 Glenn Haven
North Chloehaven, MS 39118",Peterside,Arkansas,42403,(772)943-2547x91311,9077854641,tbeck@example.com,https://www.nolan.com/,7580
qZUOT7ElQLWZ,Bright Future Academy,"846 Jerry Vista
Lake Jessicaton, AZ 51021",South Chloe,New Jersey,51816,610.232.3538x57367,872.360.0347x28466,amymosley@example.net,https://www.watson-dunn.com/,3436
Wqt9CvQoO9gA,Oceanview Academy,"5204 Rios Fords Suite 283
South William, TX 96593",North Hunterburgh,Texas,31599,266-425-4219,001-243-858-6643,katherinejones@example.org,http://www.stephens-harper.biz/,4358
APbxEnmE3PWr,Silver Sage Academy,"243 Angela Ville Apt. 863
New Crystal, ME 32171",Davisberg,West Virginia,47620,582.392.5597,001-342-606-7387x3509,caitlinsmith@example.net,http://www.reyes.com/,4872
CeRJb23xFpsO,Maplewood High School,"USNS Jordan
FPO AA 67134",Whiteside,Washington,53849,001-486-441-8802x84186,(244)506-4404x052,mikearnold@example.com,http://www.sanchez-robertson.com/,4717
b0RLiZUQGE0V,Heritage Grove Academy,"764 Miller Fords
West Robertbury, HI 02420",New Melissafort,Minnesota,57045,983-924-2639,8927160488,nthomas@example.com,http://cobb.info/,8306
sOyjvxC740Fi,Crystal Lake Academy,"12024 Hernandez Brooks Apt. 364
South Emilyport, PR 30723",Lake Jennifer,North Carolina,69961,(952)358-0552x0909,5153939439,igonzalez@example.com,https://www.vaughn.com/,8952
XO0PMk3iFi7M,Stone Creek High School,"681 Jennifer Camp
Sonyaberg, MS 68933",Lake Stephenburgh,Kansas,45319,+1-506-256-5148x080,(315)469-0373x03877,carterrobert@example.com,http://www.lawrence.info/,5979
rPg5elqIl42R,Westwood College,"43784 Reed Motorway Suite 253
Christineburgh, HI 82717",Anthonychester,Oklahoma,64594,+1-686-219-4120,544.764.3224x90185,twilliams@example.com,https://ellis-monroe.com/,9182
H2tlLnAXiHzB,Southview College,"70993 Blake Brook
Port Carly, WY 55078",Lake Jennifer,Wyoming,45863,697.804.9615x04274,(612)634-6557x38780,ksmith@example.com,http://www.bean.com/,3776
oOwYAuoh8L0s,Seaside Preparatory School,"70501 Teresa Valleys
Deborahshire, IA 46498",North Heidi,Minnesota,21586,791-207-7657,+1-212-831-8901x82135,bsosa@example.com,https://www.taylor.com/,9748
Z1eFNR2ibK7C,Valley Forge High School,"240 Smith Fort
Kellyfort, LA 08185",Castillofort,Arizona,15110,(205)689-1281x762,220-664-9370,christianjoseph@example.net,http://www.jones.com/,9754
w8gkTdGjQiTz,Tranquil Valley High School,"205 Fernandez Cove Apt. 956
South Edwardport, NC 15729",Pughville,Colorado,17277,668.904.2930x375,+1-550-834-7620x277,john70@example.com,https://www.norman-martinez.com/,6420
SXsWivqkLV3S,Willow Bend School,"USNS Vargas
FPO AP 53563",North Sharonview,Texas,55867,807-272-8445x2962,+1-832-469-9655x038,william96@example.com,http://www.gordon.com/,5283
6En50bp8AJKk,Stonemont School,"PSC 9848, Box 9979
APO AP 15133",Turnerton,Minnesota,33177,376-674-8912x13630,8532787210,contrerasjeanne@example.com,http://thompson.com/,9721
6lpC0ZK0dO8y,Shadow Mountain Institute,"85010 Debra Rue
Port Matthew, NH 03110",East Jennifermouth,Alabama,05940,645.360.9837x913,494.450.4769x04101,jared78@example.org,http://villa.org/,5955
bgPtnTHmzzvf,Northgate School of Learning,"571 James Spur Apt. 912
New Christopher, IN 69022",Julieside,New Jersey,77696,+1-266-648-9612x28375,657-641-3996x3171,pbrown@example.net,https://www.jones.info/,3591
nMs9B60qTqpv,Arbor Hill Secondary School,"37300 Browning Locks
East Melissaport, NH 60326",Jillview,Kentucky,24101,678-356-1773x522,+1-335-633-8312x9592,smithanthony@example.net,https://www.lee-mullins.com/,9630
lTfDbtCm7Ey3,Sunset Ridge Academy,"554 Tyler Streets
Bishoptown, OH 70206",Matthewview,Utah,05727,8117650582,+1-828-237-5717x49218,danielsmith@example.net,http://www.roberts-andrews.com/,7608
wyOLtkDiDqH3,Grand Oak School,"535 Baker Curve
North Michaelstad, TN 23432",Lake Kelly,Michigan,99083,571-677-7475x5828,(807)360-3569x68631,tsmith@example.net,https://fuller-anderson.info/,7024
kvy3ujy5dTPC,Sun Valley Institute,"16105 Preston Lodge
Evanstown, AZ 46810",West Conniebury,Virginia,24854,+1-599-884-5855x0026,(867)921-9506x892,grantkeith@example.org,http://www.hurst-garcia.com/,5824
vC2BLUFZCacP,Crest River School,"688 Karen Throughway
New Karenbury, TN 26385",Lake Chelseafurt,Maine,37717,218-584-5513,001-497-479-2564,vasquezchad@example.org,https://hughes-lopez.biz/,6378
05osBwKsSilP,Maplewood High School,"75767 Charles Creek
Maynardshire, TN 94809",East Anita,Iowa,98513,001-500-891-1658x418,+1-219-416-1602x3869,angie02@example.net,http://www.wells.com/,3374
O4GxiTcVd4Xr,Starcrest Academy,"15555 Morales Walk Suite 140
Jenniferton, VI 68461",Port David,Colorado,05691,205-384-0450,(362)870-0756x748,changcarolyn@example.net,https://smith-jensen.com/,3669
HjbMYeSBy4dx,Arbor Hill Secondary School,"47646 Kurt Streets
Chaseland, RI 31411",South Frankhaven,Utah,44996,595.841.1322,648-334-4349x082,jarvisanthony@example.net,http://cox.biz/,9929
869fWgjx9WHn,Elmwood Grammar School,"857 Michelle Squares
Waltonmouth, ME 61066",West Tylershire,Wyoming,02441,373.287.1977x009,(713)305-1063x3640,zlee@example.com,http://jones.com/,8623
VAJQi1sXzzI3,Heritage Grove Academy,"6081 Joann Stream
West Denise, PA 83727",West Charles,Kentucky,82924,(292)844-2960x923,(298)365-1946x7922,ymyers@example.net,https://smith.info/,7270
HmTjpmDFuHDX,Twilight Institute,"39536 Crawford Locks Apt. 098
Kathleenmouth, PA 17426",New Rachael,Washington,33875,+1-345-685-7484x39877,001-391-680-5695x0573,debbiegilbert@example.com,http://ballard-williams.com/,5443
f0iIXWwkKZrc,Golden Valley School,"PSC 9843, Box 2125
APO AE 13892",New Donna,Georgia,80352,948.858.2255x92654,+1-652-619-7458x367,daniellebrown@example.org,http://obrien.com/,6923
v2XlrXgBIroL,Pinecrest School,"100 Cody Drive
Silvachester, MO 72135",Vasquezchester,Delaware,40502,+1-209-320-2538,921-811-2878x1078,nataliewalsh@example.com,https://www.larson.org/,5415
Ojhp2Fq28y6s,Crystal Springs School,"USNS Hill
FPO AA 38406",Meltonside,Montana,30441,435.580.0368,001-312-697-2164x077,sarah97@example.org,http://www.gutierrez.org/,8855
IFzG9aC3zhxQ,Shadow Mountain Institute,"9012 Young Vista Suite 857
South Calvinton, DC 95848",Delgadoside,Hawaii,66968,(667)745-9578,001-517-535-9066x81552,samuel97@example.net,http://www.lopez-pineda.net/,5803
LLzCFR9xxffw,Stone Creek High School,"470 Carlson Pike Apt. 773
West Robertbury, ID 54873",East Erin,Nevada,02661,281.773.9301x9673,991.499.6142,droth@example.com,http://www.smith-howard.com/,4863
g05F6EFhwtyH,Starlight Academy,"9599 King Falls Suite 466
South Jaredshire, DC 28488",Ryanborough,Arkansas,24040,588-566-1708x28914,944-799-5622x0418,travisfranklin@example.org,https://jackson.org/,8755
0cXHIAih0m8i,Pinnacle Prep High School,"2552 Brian Heights
North Markville, WA 26242",New Douglas,Alaska,76729,+1-700-224-5186x7320,001-489-435-8835,zhess@example.net,http://www.davis.com/,4929
risHg3u5BJk9,Coral Reef High School,"USNV Nicholson
FPO AA 46627",South Jamesport,Hawaii,89675,931.903.4680x76163,(772)568-6491x8732,michaellogan@example.com,https://www.snyder.com/,4077
txKhHVFtyOpt,Timberline Academy,"07192 Joshua Keys
West Jennifertown, NH 15488",Gallagherville,Minnesota,40123,+1-450-440-6695,5143117105,wolfjose@example.org,http://www.davidson-ferguson.biz/,8257
Tpq4qfWq9vVt,Crest Oaks Secondary School,"191 Erica Prairie Suite 157
South Sarah, CO 67911",Justinmouth,Texas,58598,+1-351-625-8296x326,7858503249,christina15@example.net,https://wolf.com/,8101
FTuEh2vBX0yW,Harmony High School,"943 Mccall Mountains Apt. 728
North Carloshaven, ID 59369",Karenberg,Minnesota,01002,628.973.6422x80486,+1-493-605-1865x1075,davidmoreno@example.com,https://www.hurley.com/,8440
kV9Hw3ZOZ4aX,Coral Reef High School,"5573 Kelsey Bypass Suite 980
West Benjamin, AK 00664",Lake Gregoryside,Michigan,78409,8836843493,001-962-590-8557,jilliangomez@example.net,https://www.strickland.net/,9516
tynfAbjYbH9L,Rustic Pines High School,"22292 Mccarthy Hill
East Seth, AK 48141",Port Phillipburgh,North Carolina,56374,001-226-692-8535x06817,394-481-5594,solomonjessica@example.net,https://www.wright-thomas.com/,5544
KF8ep1wGSO6k,Evergreen Secondary School,"69761 Pacheco Park Apt. 693
North John, AS 19883",Petersonshire,Rhode Island,92381,(660)299-8592x893,475.237.9582,rivasbenjamin@example.org,http://www.hartman.com/,9232
0u8Wa0X6SJy0,Sunflower Academy,"0925 Sandra Crossroad Suite 835
West Justin, VA 43779",North Theresa,Maine,84444,247-989-8690,+1-843-369-9794x1644,edward77@example.com,https://www.cross.com/,6762
VxXeutplc2xC,Unity Hills College,"0591 Sarah Court Suite 115
Wagnermouth, AR 47558",Dwaynetown,Rhode Island,83749,+1-406-790-8300x27387,783.617.2649,rosejessica@example.com,https://bartlett.com/,8687
TJ4mmHPJEaEs,Oakridge High School,"530 Bennett Trail
Ryanview, NC 75991",Madelineborough,New York,41133,3418807376,(242)498-5955,joyshannon@example.net,https://cross.com/,4028
KJWi4IEjHXM3,Coral Reef High School,"USNV Jackson
FPO AP 57827",Wendyside,Pennsylvania,81458,558-973-4484,209-896-6273x2470,stevenrobles@example.net,https://www.patel.com/,5074
J8ALCZWVtKHS,Starlight Secondary School,"826 Huff Court Apt. 160
West Mollymouth, MS 06566",Brookemouth,Wisconsin,01863,425.993.3205x22922,+1-774-749-1657x8059,ashley09@example.net,https://www.harrison.com/,7129
1pf7ELuUZhMq,Golden Valley School,"644 Wright Spring Apt. 916
Hernandezstad, PR 87359",Rosshaven,South Dakota,06636,4616608534,486-933-9546x264,bellbrenda@example.com,http://bryant.com/,7853
AjzmIWc00zBZ,Silver Sage Academy,"7146 Cooper Summit
Johnfurt, MS 49327",Port Brandon,Nevada,15209,948-826-5958,+1-380-684-8479x616,benjamin95@example.org,https://osborne.com/,3734
9IqEMb8DMQxV,Arbor Hill Secondary School,"9190 Lindsey Parks
West Ernest, ID 05751",East Carloschester,New Hampshire,72436,280-434-7051,+1-336-910-6525x2329,tony85@example.com,https://www.burton-richardson.info/,4805
cqM9FrWGV81A,Emerald City High School,"PSC 6767, Box 9904
APO AP 72248",East John,Iowa,64745,995-618-7992x32407,824.742.0172,garyjones@example.net,https://www.callahan-wood.com/,8202
PjFuETxexOmh,Starview College,"USCGC Stewart
FPO AE 13300",Port Larry,California,58930,001-213-991-8180,001-896-634-8208x829,csmith@example.org,http://mcpherson-smith.net/,6430
ekOe1Xnb1V0i,Blue Ridge High School,"011 Sean Circles Apt. 881
Changport, WI 31873",Christinechester,Idaho,82750,001-460-597-2194x325,001-209-442-7138,ryanwaller@example.org,http://www.wiley-johnson.com/,8945
W01dE8GoJ73c,Pinecrest School,"643 Matthew Prairie Apt. 324
Barronmouth, AK 28378",North Amanda,Utah,31351,001-427-979-2337x6728,955-880-0173x942,ubowen@example.com,http://www.bennett.com/,3383
wRdOWT49KePp,Silver Lake Academy,"96582 Joseph Junctions
Daviston, VI 59247",Dunnmouth,Washington,09335,+1-480-447-9258x2994,+1-820-298-2586x6337,collinsryan@example.com,http://smith-hays.com/,9365
d6KDk1tL5aNg,Tranquil Valley High School,"61415 Angela Run
Johnfurt, AZ 06989",East Joseph,Kansas,58142,678.614.6805x2924,(605)297-4037,asmith@example.net,http://rubio-moyer.org/,4161
4CtoSqmBWQvL,Harmony High School,"0938 Walton Dam
New Matthew, ND 17173",Alexchester,Wyoming,04191,743.691.6869,(459)583-0106x1100,brianajones@example.org,http://www.fisher-curry.info/,9119
jDzPh08xHcSH,Prairie View Academy,"07473 Collins Tunnel
Erinfort, NC 44016",Bakermouth,Nebraska,90011,(553)348-1084,(796)897-4781x6643,donaldcopeland@example.com,https://lee-howell.org/,9584
jNn8W6cSveyu,Liberty Oak School,"201 Jeffrey Valleys
South Anna, WY 53945",New Kellyside,Utah,90174,974.962.0569x651,9808460760,michael15@example.net,http://gonzalez.com/,9260
OibkzLAYn7HT,Sunnybrook High School,"8177 Sabrina Stravenue
Christianborough, MN 64034",West Michellestad,Virginia,51277,610-229-5133,714-937-6789,hullelizabeth@example.net,http://daniels.com/,8176
FHQ9CnyoxJFX,Lakewood Academy,"9752 Stephen Parks Apt. 584
Lake Davidhaven, PA 56025",Donnabury,Ohio,40357,(841)907-7342,297.850.0909x73332,stephanie84@example.com,https://maldonado.biz/,8654
5KjIJaeNC84P,Shadow Mountain Institute,"USS Hutchinson
FPO AP 30113",Katherineville,Georgia,02032,6367314668,001-953-397-2601,pamelagray@example.com,http://www.gonzalez-knight.com/,6560
LdYysV9vcMZy,Evergreen State College,"97739 Patrick Stream Suite 494
East Josephberg, TX 10137",Garciaton,Oklahoma,20277,728-776-6927x88437,+1-802-792-2820x91348,ymitchell@example.com,https://www.proctor.com/,4465
6KFfpSGEN5uF,Maplewood College,"3677 Kelly Hills
Port Gregory, AS 49771",Steelehaven,Kentucky,11762,454-214-6437,(868)491-5698x4567,christina94@example.org,https://www.sanchez.net/,3818
Mth8uiUQ5GDy,Willow Bend School,"50069 Kelsey Crossroad Suite 522
South Charles, HI 08274",North Brianville,Alaska,16024,+1-842-885-6037x60289,001-915-804-9452x4646,joy58@example.com,http://www.mcpherson-juarez.net/,4245
o0ahdJ1K8gP5,Greenfield Institute,"83597 Jonathan Flats Suite 364
Douglasmouth, KS 80470",North Shelby,Montana,98231,001-707-789-3915x1955,964.990.5879,blakemckinney@example.net,http://cantu.com/,9522
fDNXZIUYIRWo,Emerald City High School,"74660 Rhonda Center
Port Brooke, NV 67425",South Stephanie,Nebraska,83173,304-310-1609x892,(673)600-1329x661,nharper@example.net,https://beck.net/,9386
9uBDCc99AMWv,Stonemont School,"USS Andersen
FPO AA 90118",Caseyshire,Missouri,34341,001-605-850-3658x73597,736.952.3269,parkertheresa@example.org,http://garcia.com/,9327
1lGe93s0IZ7e,Maple Ridge High School,"PSC 2337, Box 3127
APO AE 98030",New Cassandra,North Carolina,74252,341.605.1322x7496,382.719.7293,sarahshort@example.net,https://www.hendricks.com/,4407
RMeWtauJ4ztv,Crestview College,"527 Sharon Route Apt. 055
East Annborough, WV 15209",Traceyton,Florida,57419,(498)387-4826x7406,(688)656-1188x2238,mallen@example.net,https://www.vasquez.com/,6588
GezFdFrjqHcD,Clearview College,"5595 Harvey Prairie
East Todd, DE 01747",Whitechester,Virginia,19934,412.385.3049x531,948.431.5183x5318,jeffery94@example.org,http://hernandez-jackson.com/,8302
DxbJ6lETChPf,Pinnacle Prep High School,"PSC 7536, Box 3661
APO AA 22879",West Joshuafurt,West Virginia,45088,(443)800-5293,001-537-520-4031x848,emily93@example.org,http://hubbard-chan.com/,9698
sS6KNrToYx7j,Infinity Academy,"0606 Donald Alley
South Patricialand, MI 06234",West Ericastad,Texas,57356,2446619977,(272)906-4284,jessicaelliott@example.com,http://www.olson-white.com/,6558
2oSHQJq14kAW,Pine Valley Institute,"7121 Moore Land
Melaniemouth, TX 88179",East Brianville,North Carolina,45730,+1-568-914-4840x9366,+1-850-588-2712x04328,hnelson@example.com,https://www.wong-pacheco.org/,7782
GDXqcsiRd1Ha,Crestview Academy,"7494 Johnson Wells
East Adamburgh, PW 20311",Lake Codyside,Kentucky,25364,420.524.1749x74902,(262)226-3159,justinsutton@example.org,http://jones-joseph.com/,6538
6j9qGjrFC2y9,Liberty Oak School,"4933 Lawrence Spring Suite 703
Munozchester, PA 22431",East Greggmouth,Mississippi,22673,001-878-676-8564,851.420.7408,carrjeremy@example.com,https://www.rose-johnson.com/,5636
dLNYMzznFoJI,Pine Valley Institute,"019 Barbara Manors Apt. 618
East Brittanyview, CA 75918",North Tylerside,West Virginia,75655,(547)954-7328,+1-910-956-3627,pwolfe@example.net,http://www.shaw-mitchell.net/,9304
kEiDHb7x0svC,Fairview Secondary School,"85105 Dennis Stream
South Ian, MA 89440",West David,South Carolina,41869,823.353.7228x63812,318.252.6028,mark09@example.net,http://oliver.com/,3747
2u1T14lCmncf,Sunnybrook High School,"7504 Karl Lodge
North Sarah, GA 18279",Ortiztown,South Dakota,38455,(753)437-8864x78965,(372)785-5332x2740,daniel35@example.net,https://johnson-delacruz.info/,6039
B23hdbjeABIA,Crestview College,"52173 Davis Plaza
Port Shaunport, AK 43660",North Elizabethside,Kentucky,72963,(313)915-7951,001-723-282-9867x7709,wilsonwilliam@example.net,https://www.wilson.com/,4019
NYCxa0lcmuTy,Blue Ridge High School,"7209 Ray Knolls Apt. 382
East Douglas, HI 36505",New Dianeville,Vermont,53833,001-670-772-8830x7829,+1-653-481-5173x611,floresjason@example.com,http://hardy-hodge.com/,7476
RJAyJ6llOFF6,Golden Valley School,"807 Noble Square Apt. 952
North Stacytown, NC 37650",East Lisa,Connecticut,02231,(954)886-7550,001-973-441-4831x86110,nathan84@example.org,https://obrien-riley.net/,8894
Rl0EdFPUiOW0,Northgate School of Learning,"034 Rachel Trail
Sherryberg, MD 70153",Beckerland,South Carolina,64113,799.333.1970x25502,(866)924-7655x4111,longjoseph@example.org,http://baker.com/,6234
SP2txNZvy8JQ,Silver Sage Academy,"236 Dawson Glen Apt. 612
Port Gavin, CT 95879",New Daniel,Tennessee,59000,+1-889-422-9016x83019,9412047237,diazdonna@example.org,http://www.collins.net/,7369
Uvryc4QId1P9,Willow Creek Academy,"29576 Jessica Tunnel
Stephanieport, OH 07801",West Brittney,New Hampshire,93028,001-252-210-2856x588,276-398-6572x9735,matthewhuffman@example.org,https://jackson.com/,3087
bIDL9jE3b3gi,Lakeside Middle School,"32374 Gabriella Wall Apt. 133
Joneshaven, ME 77278",Lake April,Mississippi,20671,(209)989-9036,204.231.9531,emily70@example.net,http://www.klein.com/,5265
onD8CP3RnWDx,Silver Sage Academy,"90726 Laura Loaf Apt. 477
New Lawrencemouth, NC 23530",Jonmouth,Louisiana,28788,820-729-3801x972,837.416.5783,andradeian@example.org,https://www.bowman.com/,3089
GgjFnvIAIE7K,Fox River Institute,"3228 Mark Grove Suite 143
Carpentertown, SC 54908",West Paul,Maryland,44029,8259548053,(455)402-3035x2700,thompsonallison@example.net,http://martinez.com/,9322
Wtk6935qDxLF,Noble Heights High School,"944 Dawn Parkways Suite 113
New Sara, VT 97200",Ryanview,Nebraska,78203,(548)873-7508x4506,668-412-1834x764,bowersscott@example.net,https://arnold.com/,4356
RNTWbPv1d2sF,Rustic Pines High School,"523 Stephanie Squares Apt. 363
North Jessicaborough, PR 62157",West Luke,New Mexico,07617,+1-474-704-4213x10611,001-209-426-7896x57230,andrew04@example.net,http://www.washington.com/,7699
EYlvW2NTVrD7,Harmony Valley Academy,"Unit 8821 Box 4900
DPO AP 77708",Wangbury,California,34409,+1-639-415-5246x79869,+1-547-971-4679x949,hrobinson@example.org,https://www.garcia-nelson.info/,8294
d2ct8m62Lqvm,Crestwood High School,"4014 Montgomery Glen Suite 977
Pearsonville, WY 16378",Port Douglas,South Dakota,68381,218.761.6077,676-658-8388x71238,kimberly09@example.org,http://perez.biz/,5281
W4ny398GlkWq,Harmony High School,"7489 Thomas Shore
Gregoryland, MH 91230",Yolandaport,New Jersey,19370,377.312.9715,(670)245-9561,canderson@example.org,http://allen.com/,3758
vE7T5CwEyfex,Elmwood Grammar School,"2252 Fitzpatrick Ramp Suite 636
New Jill, MP 13896",Martinezchester,New Mexico,40793,(503)372-0083,877-294-4541x042,hendersonjames@example.net,http://winters.info/,4871
o4hr54snBiQH,Cherry Blossom College,"11177 Tanner Fort Apt. 584
Gilbertmouth, NJ 21133",South Michaelside,Nevada,39608,+1-806-958-9313x314,614.762.7817x932,burnslaura@example.com,https://www.wheeler-vincent.com/,9225
1VW7UJuyZ6f5,Desert Sands Academy,"1359 Wayne Plaza
Millsbury, AZ 37693",Frankfurt,South Dakota,10677,(576)971-5754,(845)731-1964,tylertran@example.net,https://martinez.com/,3698
Wh8wCaswgrSd,Lakewood Academy,"70870 King Via
South Sharonburgh, NM 42462",Curtischester,Vermont,79633,001-637-305-2262x7082,+1-361-237-3175x74704,kristina20@example.org,http://www.miller.info/,6941
r0WkslrInuqO,Pacific Crest College,"4390 Ashley Place Suite 530
Wardburgh, MA 06141",West James,Alabama,79803,420.313.7706,(712)750-5073x7128,thomas68@example.net,https://www.vaughn.com/,9265
NMEvHpr8e7pd,Grand Oak School,"4632 Vicki Passage Apt. 500
Christianshire, WA 82283",Port Kyle,Massachusetts,38685,841.318.9622,754-867-6397,kennethhart@example.org,http://www.mendoza.com/,6509
uyjksuCtWUPF,Seaside Preparatory School,"07073 Sandoval Drive Suite 964
East Bryanfurt, VA 08475",New Jamie,Wyoming,05324,001-357-614-2732x18796,001-299-627-5004x864,conniesutton@example.net,https://www.york.org/,3784
myLCdKtT3HSs,Pacific Crest College,"077 Williams Summit
Lake Lauraview, AR 47485",Michellechester,Iowa,47322,001-301-279-7464,9778743923,reedrichard@example.net,http://www.hammond-hernandez.com/,5600
rXGGnEjQUtGs,Rustic Pines High School,"506 Walter Flat
East Brittanyfort, NY 22339",Roberttown,Arkansas,44824,(377)894-3576x7237,242.771.3653,christine13@example.org,http://www.davis.info/,7209
8VeHbhJsZIWS,Westside Preparatory School,"63681 Lauren Parks
Lindaborough, NV 22275",Jamesport,Idaho,97541,7522192096,+1-981-367-3472x0693,jacqueline58@example.org,https://www.navarro-coleman.com/,9150
5pGMPlTgzMO9,Evergreen Springs Academy,"1533 Lindsey Brooks Apt. 369
Linshire, WV 73881",Kerrifurt,North Carolina,70609,653-501-7874x29894,577.755.4269,grahamcurtis@example.com,https://bell.org/,5954
Kf7M6X1O7Y4a,Westside Preparatory School,"USNV Clements
FPO AA 04350",Fisherberg,Massachusetts,30071,7269612680,+1-996-783-4988x348,elijah45@example.net,http://www.gross.com/,9590
wUANQE7jOrbo,Pinnacle Prep High School,"685 Walker Flat Apt. 577
Lesterton, VT 83412",New Stacey,Washington,42065,(723)948-7125x638,001-683-983-6905x16678,wcain@example.org,http://thomas.com/,5831
tgyiMdz0P1xv,Bayview High School,"541 Dennis Camp
Solisshire, CA 90754",Williamsfort,New Mexico,66172,846.209.5016x0781,268-400-7310,bryanandrew@example.org,http://www.walsh-gregory.biz/,3965
Omojy3LTsO29,Stonemont School,"Unit 4091 Box 9894
DPO AP 77165",Markville,North Dakota,15143,695.925.1937x85030,001-215-210-5665x84214,josephguerra@example.com,http://www.chavez-henry.com/,7382
TVXK6Kp9ISG4,Springfield Academy,"9163 James Prairie
North Beverlyville, CA 40706",North Michellebury,Montana,04846,755.447.7064x748,+1-569-989-0362x937,jerryjones@example.com,http://torres-carson.com/,9732
YZEQv0YuKJnV,Shady Grove High School,"6246 Werner Port Suite 074
Robertmouth, NM 62979",Port Phyllisbury,Maryland,39962,+1-257-875-9461,+1-958-978-2829,jeffyoung@example.com,http://dawson.info/,8508
xwDcIJf9Iwl5,Starcrest Academy,"507 Hall Courts
East Amybury, OK 96635",Dixonville,Louisiana,44290,370-460-3286x33519,001-431-683-6405x497,dominiqueherman@example.com,http://www.holloway-bryant.net/,6972
uuRSnKriBbH8,Whispering Pines School,"PSC 3332, Box 2353
APO AP 37847",Thompsonbury,New Jersey,88052,931.818.5888,(411)792-9424x956,dgraham@example.net,https://www.washington.com/,3416
mgTwNnz4J2Ys,Red Maple Academy,"286 Escobar Port
Jasmineport, NM 26220",Smithburgh,Ohio,54234,(526)659-8419x63108,452.738.1060x942,garymcdonald@example.com,https://www.martin-juarez.info/,5155
XviYENISmfl9,Tranquil Valley High School,"9976 Alexander Shores
West Michellefurt, CO 23521",North Kathleen,Missouri,81922,+1-328-706-5329x532,427-897-8914x2464,christine99@example.com,http://adkins.info/,6175
RUHzTPqDROGm,Shady Grove High School,"87660 Parker Extension
Kevinchester, OH 22407",Rayport,Louisiana,35317,001-338-914-6144x617,677-227-2109,elizabeth17@example.org,https://www.perry.net/,6027
Dk5QJZr04Y4i,Blue Ridge Academy,"PSC 2782, Box 7325
APO AE 35310",Cameronton,Kansas,74387,(895)359-8456x9585,+1-985-561-0948x1004,slee@example.com,http://hayes-cook.net/,3381
UDJHmIPVm2Og,Windy Hill Academy,"6298 Joanna Cove Apt. 627
Lake Randy, AZ 52804",Andrewburgh,Vermont,48036,001-938-662-8259,289.219.5714,aaronwashington@example.org,http://hicks-bailey.org/,9841
Gi58DVfNT8vR,Northeast High School,"685 Emily River
Nicholsview, GA 41755",Popebury,Washington,63064,+1-549-871-1879x5481,380-332-8870x7523,thomasjohnson@example.com,http://www.powell.org/,9668
9T656hwIkE37,Mountain View High School,"31188 Daniel Light Apt. 955
Morrisport, DE 61298",Parsonshaven,Illinois,95201,001-348-204-4831x858,001-910-362-7968x585,keith98@example.net,http://shaw.com/,9620
ZeMMieiiAxjK,Elmwood Grammar School,"62611 Diaz Inlet Apt. 205
East Eduardo, OH 95650",Sandersmouth,Massachusetts,96027,3974110366,545.598.2781,marknguyen@example.com,https://www.rios.org/,9722
ENWtGn2pY1Ur,Meadowbrook School,"50662 Price Mews Apt. 924
Edwardsmouth, OK 01560",West Sandratown,Maryland,60388,001-762-946-8150x7139,9627309074,riverapatricia@example.com,https://www.williams.com/,9077
kToiPOQ9r30l,Nottingham School of Arts,"7343 Melinda Forest Suite 863
Lake Heatherport, PA 34229",South Timothy,Nevada,92563,327.896.9374x716,6302343062,rosesusan@example.net,https://www.shaw.biz/,5669
1OKP7WelQ1UC,Cedar Valley High School,"588 Daniel Common
Lake Mariahtown, WV 24238",New Ernest,Missouri,27345,4922080896,6345523655,stephanie80@example.org,https://phillips.com/,4842
YJ10Zs8VSjFx,Learning Tree Academy,"383 Lisa Trace
Laneland, DE 71136",Blacktown,Washington,18896,226-333-3765x25593,580-992-7079,holmeszachary@example.net,http://mcmahon.com/,6048
DUVOH87VyrpY,Sunflower Academy,"3323 Roberts Route Apt. 061
South Mark, MO 55056",Bryanmouth,Alaska,21755,001-610-990-6189x496,806.585.8963x4035,morganchristina@example.com,https://welch-collins.info/,5352
gXWnSUwG5WTO,Fairview Academy,"USS Kim
FPO AA 85921",New Mark,South Carolina,64402,6768348634,001-819-775-2369x74078,jackie38@example.net,http://www.garza-bennett.net/,5258
xmRr5gW3S49l,Fox River Institute,"29634 Karen Ports
West Bryanport, VT 25962",East Thomasborough,Delaware,91260,925-701-3129,001-983-911-7444x5114,brookewalker@example.com,https://reyes-soto.com/,8556
3sNzfJO5oBbb,Crestfield Collegiate School,"00203 Rachel Burgs Suite 056
Morrisonmouth, MS 09406",Moonshire,Michigan,80777,+1-967-687-2754x31736,001-890-784-7620x3760,tuckervincent@example.net,http://bell-mccarthy.com/,5047
xJWtQGEMFijZ,Willow Creek Academy,"9533 Morris Grove
Valerieburgh, KY 33362",Smithton,Kansas,44904,831-894-6312x229,(242)732-1226x464,nicholaswalters@example.net,https://www.brennan.org/,4443
F4oqMmlWfhPg,Pine Valley Institute,"84926 Joseph Meadow Apt. 710
Mcknightshire, MT 71260",New Brittney,Utah,03593,+1-529-218-4178x8806,(673)751-5520x55572,jordan69@example.org,https://www.wilson-mendez.com/,5945
4QzOWCPjElQX,Woodland High School,"9158 Kaitlyn Coves
Lucerobury, NH 06568",West Jackchester,Maine,53515,(519)856-3525x0463,(622)247-0500x7127,ghuynh@example.org,http://miller.info/,7400
Wiv1FuJcRfXG,Sun Valley Institute,"Unit 5372 Box 4382
DPO AP 11983",Lake Yeseniafort,Virginia,12779,+1-763-232-5941x1257,(392)964-1671x0343,benjamin11@example.net,https://www.hughes.biz/,6574
kioUhylfyvFC,Crestmont Institute,"075 Tony Passage Apt. 590
Daniellehaven, MN 04608",North Lisa,Rhode Island,31108,(295)267-5324,895.651.5493x588,derek67@example.com,https://www.thomas.com/,6869
fmEFd73GCsNp,Fairview Academy,"7754 Jo Camp
Gonzalezton, NY 60288",South Brittany,Massachusetts,81682,662-249-5839x498,001-309-378-8233x8971,egould@example.org,https://parker-barnes.com/,5891
pWOSvpTOVAf6,Whispering Pines School,"8320 Ortiz Parkway Suite 878
Brownland, MI 33833",South Cheryl,Alabama,07406,248.236.3478,001-279-778-1446x26055,timothy94@example.org,https://duffy.com/,8389
vB53EqixzyJB,Sunnydale Secondary School,"1031 Justin Roads
West Kimberly, KS 97611",Lake Laura,Tennessee,75928,9386937668,541.363.6991x222,tranryan@example.org,https://www.clark-lloyd.com/,3682
EvREn4jsxKMU,Cedar Valley High School,"90957 Good Mall Apt. 639
West Jenniferfort, MP 59623",Jamesburgh,Michigan,18360,408.850.9392x5482,(345)507-6328x75134,traci38@example.org,https://www.rodgers.com/,8577
GS2FUKz78ixv,Tranquil Valley High School,"9382 David Path
Jacquelinefort, AL 65551",Lake Lisaview,Tennessee,58335,495.308.8389x2355,271.442.4762x7229,jdelacruz@example.com,https://smith.info/,9403
Yen5vLh2HbN8,Crest Point Academy,"258 Melanie Way Suite 002
New Carol, WI 09828",South Elizabethborough,North Carolina,04358,289.915.1792x533,817-261-2865,sararomero@example.net,http://www.sanchez.com/,4268
Bu277UNU7q84,Seaside Preparatory School,"5813 Compton Summit Apt. 385
Erinshire, MT 25186",Port Russellberg,Oregon,30229,940-304-8930,(859)690-9054x82176,allenrichard@example.net,https://white-moore.net/,7378
12pYlyJ9kh3F,Greenwood High School,"18941 Velasquez Square
Phillipton, WY 69343",Dalebury,Washington,80379,770-907-3829,+1-448-889-4231x7484,russell27@example.net,http://torres.com/,7617
ljElWBi7ki4X,Seaside Preparatory School,"USCGC Morris
FPO AE 41761",Blackburnfort,Indiana,24679,001-761-498-0020x03403,(965)750-5603x6552,deborahreynolds@example.org,http://www.brown-sanders.net/,7147
BJP5ow4KwBie,Evergreen State College,"0580 Frey Loop Suite 300
Matthewtown, NV 45949",East Matthew,Florida,77155,531-227-8148,(842)546-3287x4335,ryansanchez@example.com,https://www.turner.com/,8663
YdhSAH4PK80r,Eastwood High School,"3083 Cooper Hill
Meredithton, ID 68266",Jamesborough,Arizona,26230,001-450-544-9088x0200,+1-508-775-3453x910,holly58@example.org,https://elliott-flores.com/,5178
y6tb4TpJ1HGt,Maplewood College,"25825 Tracy Mountains
Jessicahaven, AS 82672",Allenhaven,Arkansas,81369,416-535-3727x288,001-788-241-3020x52434,haleystacy@example.com,https://long.com/,7913
SlUGT8MuOk6t,Liberty Oak School,"215 Hinton Causeway
Gutierreztown, DE 33849",North Michael,Wyoming,23952,001-310-771-8096x2060,+1-910-974-8797x294,ijuarez@example.net,https://gonzalez.info/,8870
TI69ioJveJwi,Fox River Institute,"1907 Sarah Branch Suite 599
East Joel, MN 63696",West Laurieborough,Florida,09339,+1-222-662-4228,5034176502,jessicachavez@example.net,https://www.ward-barnes.com/,9830
Vh8Z0KaD3neS,Starview College,"88559 Brown Mountain
Farmerfurt, KY 41740",North Jennifer,Virginia,81164,525.884.2525,+1-429-415-3387x8863,beasleyandrew@example.org,https://nguyen.com/,5390
361iTW6WYG6L,Mountain Crest Academy,"15665 Brenda Lodge Suite 794
West Michaelborough, MO 98948",Peggyton,Tennessee,03439,(272)871-5024x185,272.476.1479x9334,jonesjodi@example.com,https://www.pittman-morris.net/,6290
m3KtkCYLF2to,Beacon Hill Charter School,"52469 John Shores Apt. 698
Saundersville, LA 86727",Jaimechester,Kansas,28918,271.633.7815x853,(629)489-6540x83666,burnsallison@example.net,https://thomas-perez.net/,3959
9XWDPvcXoED7,Northeast High School,"45045 Maria Plains Suite 505
Singhhaven, MP 15785",Lake Timothy,Ohio,02173,365.616.2397x8355,(499)431-4621x104,cheryl04@example.net,http://www.graham.com/,7811
JrYBK0790WO2,Elmwood Grammar School,"432 Courtney Mountains Apt. 248
Kaisertown, VT 87673",Lake Melissafurt,Arkansas,61836,+1-833-965-5611x63158,001-372-641-7200x2053,mthornton@example.com,http://www.adams.com/,4341
gIB6lSlyBN8T,Sunnybrook High School,"304 Thomas Isle Apt. 526
Patelberg, VI 97290",Lake Nicolechester,New Jersey,31461,+1-329-387-6344x860,597-449-8537x808,cmunoz@example.net,https://copeland-bell.org/,4164
Bi91p1R9fVHk,Northeast High School,"390 Howard Knolls
Oliviafort, MI 72313",Kington,California,10170,418-295-3688,001-594-989-0560x105,dpalmer@example.org,https://www.thomas.com/,7493
Bw6tFf3FM5mJ,Riverbend Institute,"PSC 8419, Box 7555
APO AP 91523",New Lisa,Kansas,88997,536-868-9221x57074,001-850-861-1545,tina41@example.net,https://sexton-marsh.org/,7136
ojYvRNSIF1dq,Arbor Hill Secondary School,"683 Flores Shoals Suite 511
Davisberg, LA 16537",Mayborough,Oregon,49997,001-927-902-8028x18390,+1-398-357-6076x02742,claudiasantiago@example.org,http://taylor.net/,6182
pprnulDHwv2l,Lakeside Middle School,"987 Brenda Ferry Suite 931
East Gregoryview, MI 67178",Martinezstad,California,79037,6285243189,001-354-225-3208x765,mwilliams@example.org,https://www.hobbs.com/,8732
3chNpa8aWXRT,Eagle Mountain College,"451 Kimberly Forks
South Kurt, IA 37466",New Amber,Wisconsin,05640,(518)680-5501,535.290.5111x0037,stephenpotter@example.org,https://www.griffin-maxwell.com/,3544
IAGPWF4GYPIA,Evergreen Springs Academy,"294 Christopher Ways Apt. 650
Jenniferside, AK 52838",Simmonsbury,Mississippi,75972,383.986.2977,(738)960-2413,mmiller@example.org,http://mckee-daugherty.biz/,3887
z8emASVHgimF,Greenfield Institute,"205 Rebecca Falls
Donaldmouth, OK 44460",Kathrynhaven,Maryland,32812,8319870337,346.319.6232x749,morgan54@example.com,http://www.price.org/,3373
qxPULXWgNrz2,Blue Ridge High School,"4336 Gomez Oval
West Kevin, VI 67853",Jasonfort,New Jersey,63480,001-855-392-3153x534,333-212-7121,danielle74@example.org,https://taylor.com/,6850
lmYyefjbKxUG,Willow Bend School,"378 Collins Ridges Suite 217
East Stephen, OK 16167",Harrisbury,Mississippi,26568,(218)735-2715x6577,5149692821,hgriffin@example.org,https://www.johnson-hunt.org/,6377
KIx5cFIfK4tZ,Whispering Pines School,"74632 Helen Port
Lake Deborahstad, AK 64324",Port David,Wyoming,17001,8496684179,(601)681-4667x9426,christina05@example.org,https://holland.com/,4902
