id,name,address,city,state,type,established_year,director_name,MAX_GPA,motor
tddfAtMDnc4o,Westview High School,"13084 Barrett Extension Suite 176
South Stephanie, AR 70309",West Gloria,Arkansas,goverment,1918-11-01,Mindy Ruiz,4,Wind particular throw discuss.
p63ZWYJFL9b0,Northgate High School,"941 Jeffrey Extensions Apt. 776
Reyesside, TX 55728",Juliebury,Vermont,goverment,1997-10-21,Jesus Skinner,4,College they expert agreement station truth.
371xQHQL9R2c,Sunshine Academy,"80983 Thomas Junctions
Port Susan, NJ 52381",South Peter,Massachusetts,goverment,2005-11-11,Courtney Taylor,4,Late world husband bar government enjoy determine manager.
zm69qCGQaO8N,Whispering Pines School,"299 Gonzales Points
Thompsonberg, IA 49896",Robertshire,Ohio,goverment,1910-09-04,Jamie Johnson,4,Who east real race magazine behavior among.
WDKxpl7Y0S0Q,Acorn Grove High School,"9028 Robert Course Apt. 993
Lake Josephville, NH 00807",North Stevenside,Iowa,goverment,1995-10-28,Amy Kim,4,Process green those live real recognize win year.
OIf4igndoExv,Maplewood College,"10901 Daniel Gateway
East James, PR 23787",North Derekbury,Iowa,goverment,1949-07-11,Heather Bishop,4,Into level look responsibility send like environmental city.
oNWUlTMGgh2C,Hillside Institute,"USS Bennett
FPO AP 08148",Manningchester,Nevada,private,1954-04-04,Mr. Arthur Dean,4,Trouble country late inside church how type.
YEaqJn28oYCZ,Westwood College,"74863 Morgan Fields
Jenniferville, NM 64115",Port Tiffany,Iowa,goverment,1986-01-20,Daniel Willis,4,Attention smile performance particularly himself president wait just.
g3bTemT0xLwL,Rocky Mountain High School,"774 Erin Spurs Apt. 740
New Rebeccabury, KS 21145",Brownton,Arizona,goverment,1931-03-02,Angel Smith,4,Product cut skin community.
IsJkubHVhJhF,Vista Grande School,"17857 Melissa Run
Port Julie, NE 08358",Nicholeburgh,Maryland,private,1952-01-27,Julie Bell,4,Get stage consider.
PNki5io2GTic,Riverside Academy,"84449 Martinez Gardens Apt. 675
North Cameron, SC 10431",Lake Christopher,Colorado,goverment,1970-04-14,Heather Davis,4,Second concern administration impact.
XeEZnWvyc9fQ,Coastal View School,"795 Gay Rue
West Madisonmouth, FL 24384",Villanuevashire,Indiana,private,2015-03-05,Richard Coleman,4,Family open beat none over pay should.
VvTtcfbMVfZW,Northgate School of Learning,"27464 Kristen Mountains Apt. 702
Amandamouth, MA 13871",East Nicholasmouth,Florida,goverment,1998-06-09,Mindy Winters,4,Key unit modern positive loss drive.
rmwaDBFCIQBf,Riverbend Institute,"0419 Rebecca Summit
Stewartport, GA 47463",Charlesland,Vermont,private,1955-03-16,Kristi Mcintosh,4,Section prepare expert scene.
AqHDivljZiIz,Stone Creek High School,"3707 Norris Overpass Suite 179
Josephshire, NH 60259",New Denisemouth,Wisconsin,private,1910-10-12,Tiffany Butler,4,Look require including yard style cover scene behavior.
GQ7sVG6mAADb,Horizon Valley Academy,"34404 Virginia Plaza Suite 812
Lake Melissaland, RI 06849",South Kayla,Wisconsin,goverment,1920-11-20,Mr. Daniel Mendez,4,Herself source design trip whether story.
SaETCVj9wLpc,Woodland High School,"USNS Leonard
FPO AP 77725",North Gerald,Missouri,private,1996-10-30,Jennifer Johnson,4,Shoulder fact pull author our book sing.
Em5sIlJX0zXc,Elmwood Grammar School,"0109 Hunt Squares Suite 523
Port David, LA 11560",Martinside,North Carolina,goverment,2000-02-21,Alejandro Medina,4,Kid bad relationship or trade institution media.
feV7BsdnZNql,Red Maple Academy,"649 Rangel Circle
Port April, KY 52975",New Samuel,Georgia,goverment,1916-07-04,Todd Vasquez,4,Large hope key perhaps nation.
wpOnjGkJsYXi,Summit View High School,"9864 Morris Burg
Taylorton, GA 61485",Port Leslie,Idaho,private,1935-04-23,Sean Gutierrez,4,Particularly want provide likely after religious around tree.
CbLJr4w5fRle,Evergreen Springs Academy,"0965 Angela Motorway
Port Dustinshire, VI 99700",Jessicahaven,Kentucky,private,1968-01-01,Mark Walker,4,Manager thousand detail success customer.
iApFoDyQRVwb,Mountain View High School,"94528 Roth Isle Suite 222
East Tarafort, MH 22916",Port Edgar,Wyoming,private,1993-09-23,Ashley Hall,4,Measure include here society.
8qDJkqOZFoZz,Crescent Moon High School,"36530 Rebecca Flat
Wilsonmouth, CA 80520",West Mikefurt,Indiana,goverment,2016-12-01,Shannon Fields,4,Agreement increase yet between.
c087ROMxctVT,Infinity Academy,"612 Kristy Isle Apt. 205
Calebmouth, MD 45867",North Gregory,Pennsylvania,goverment,1952-08-16,Craig Holmes,4,Reality reach father second.
ke90sq7pvQyA,Unity Hills College,"84324 James Neck Suite 612
Michaelstad, PR 21796",New Jeremy,Alaska,private,2017-02-10,David Nguyen,4,Poor north campaign water deep.
mYyVVjyABdXz,Starlight Academy,"37620 Davis Run
Chaneymouth, OR 95294",Amandaside,Alabama,private,2011-01-02,David Clark,4,Table real western truth technology start later part.
bY3Ff16SqGdQ,Crystal Lake Academy,"6339 Olivia Forest Apt. 494
East Robertstad, OK 37559",Lawrencetown,Maine,private,1937-03-19,Natalie Blake,4,Week there write grow actually according.
mubZbXlAt7qV,Highridge Institute,"42211 Nathaniel Ridge
South Justinfort, VA 09232",New Mary,Oklahoma,private,1930-05-13,Richard Sullivan,4,Interest consider there everyone.
MI4PeTBx7xqZ,Harmony Valley Academy,"184 Tonya Roads
Port Jacquelineland, GU 42039",North Edwardville,Arkansas,goverment,2015-06-16,Thomas Baxter,4,Nation democratic among industry run dark kitchen.
BQMgPImqrLCw,Mountain Crest Academy,"40357 Michelle Manors Suite 110
East Aaron, FM 39387",Trujilloshire,Wisconsin,goverment,1933-04-01,James Morrison,4,Blood pretty owner anyone central easy wish.
ouhQ7CsbbMkL,Willow Bend School,"28879 Claudia Inlet
North Karl, WA 05994",Raymondstad,Colorado,private,1909-02-01,Nancy Brock,4,Nature never voice west.
OpqYA45g4BYO,Lakeside Middle School,"07603 Stephanie Hills
North Luischester, MA 12528",Port Jenniferhaven,Connecticut,private,1993-05-16,Daniel Nguyen,4,None call address early participant which conference amount.
eaZK151hwccI,Harmony High School,"0829 Brian Square
Odomburgh, NC 48482",New Norman,Delaware,private,1922-07-23,Brian Morris,4,High study law past ask bar.
kgfF7VsuBttQ,Coral Reef High School,"7395 Wells Radial
Port Jasonbury, IA 90166",Michaelstad,Kansas,private,1977-02-18,Emily Oliver,4,Represent into sea allow.
y89gcxvkqcs8,Golden Fields High School,"9508 David Street
Knightland, ME 07555",North Markport,Rhode Island,goverment,2008-07-11,Christina Byrd,4,Camera real half key machine support score.
cJmeeqaEbezy,Canyon Crest Academy,"2568 Franklin Circle
Saraborough, DE 52539",Anneberg,Hawaii,private,1947-12-20,Daniel Lee,4,Page push whatever our.
gZWc2l0QabqL,Eagle Mountain College,"965 Erin Island Apt. 513
Port Gregorystad, IA 04161",Lake Susanberg,Illinois,goverment,2013-11-23,Colleen Stephens,4,Hundred marriage bit range practice certain loss simple.
htaZTCzAWcSn,Liberty Pines High School,"307 Lynch Port Suite 283
Lake Craig, MO 27748",West John,Tennessee,private,1954-06-12,Kirk Craig,4,Parent song require oil.
Hh0W1y2KjBwm,Evergreen State College,"324 Guzman Row
South Russell, ME 96350",Amandaland,South Dakota,goverment,1947-03-03,Gregory Chavez,4,Yes left economic phone effect agreement during.
LiUnUlnFCwXX,Skyview Institute,"386 Anna Island
East Nathan, MH 78190",Port Tommy,Oregon,private,1935-12-06,William Benson,4,Feeling film choice difference positive.
7LkvVI6vySMw,Grand Oak School,"795 Valdez Centers
Port Manuel, PR 55914",East Willie,Maryland,private,1922-05-07,Dillon Zhang,4,Party crime teach sit.
ptt9y0spGmam,Forest Hill Secondary School,"64786 Ashley Hill Apt. 424
Laneburgh, NH 80155",Port Hector,Idaho,goverment,1940-10-15,Tracy Walker,4,Some thing a arm simple.
hUM3DSRDbj60,Pinecone Academy,"PSC 7550, Box 8921
APO AP 82455",Williamsonview,Wisconsin,private,1967-11-08,Christopher Cervantes,4,Collection term information drug performance whether.
cvcPFwuTiB7U,Timberline Academy,"70771 Nicole Forest Apt. 776
Janiceberg, PR 83927",New Ashleyfurt,Illinois,private,1993-08-29,James White,4,Either growth tough office region.
IV9EPl4hf9kS,Learning Tree Academy,"0909 King View Suite 656
Eugenefort, AS 24431",Port Benjaminville,Delaware,private,1942-03-28,Sandra Lopez,4,Gas institution response few business.
PwxCifjzWmBu,Horizon Ridge Secondary School,"148 Estes View Apt. 272
East Deanna, AS 49701",Carolynfurt,South Carolina,goverment,1937-01-13,Todd Davis,4,Possible force indeed actually too seven many.
TJWGsBKVaDe8,Pleasant Valley Academy,"855 Carpenter Stravenue Suite 745
New Christinebury, WI 26332",Hillmouth,Louisiana,private,1908-12-19,Christopher Hall,4,Politics particular office now.
8c20QDdOiDEx,Fairview Academy,"3623 Johnson Fields
Hodgesview, IA 80626",Donaldshire,Nebraska,private,1957-03-09,Emily Cobb,4,Outside score including full she election set.
aEF8eErzGdsk,Lakewood Academy,"78248 Daniel Center Suite 597
Smithville, IL 81068",Hilltown,North Dakota,private,1922-07-19,Lindsay Thompson,4,Billion learn election most change stand.
tWRR8MPZhuRi,Clearview College,"26754 Krystal Valley Suite 472
Amandastad, OR 09760",East Waynefort,Maryland,private,1927-11-22,Jasmine Wilkins,4,Never former meet still.
dVnLJdgAOniR,Willow Springs High School,"43662 Dana Plains Apt. 352
New Rebeccaport, WV 53038",West Jacquelinebury,Montana,private,1951-09-04,Dennis Lucero Jr.,4,Seem carry popular game major television until throughout.
MBi97ham40s0,Maple Ridge High School,"16864 Kathryn Highway
New Angelahaven, OH 53347",New Thomas,Michigan,private,1939-01-22,John May,4,Relationship bad democratic.
S1aPLaDFQWvc,Sunnydale Secondary School,"624 Romero Row Apt. 189
Julieview, KY 70537",New Davidfurt,Florida,goverment,1979-10-18,Calvin Hill,4,And visit sit west.
rEAUgXr81omd,Fairmount College,"704 Schmitt Knoll Apt. 681
Shaunport, KS 91449",Aliciashire,Idaho,private,2012-02-29,Vicki Cox,4,Those full scientist ball.
q5Va5TYKM9gY,Pinecrest School,"276 Mendoza Roads
West Carol, KS 04078",East Madisonchester,California,goverment,1912-04-19,Erik Smith,4,Her develop tough half policy discuss whether.
pLirjEIOdeSO,Skyline School,"4393 John Club
East Maryfort, IN 63819",Lake Vincent,Maine,goverment,1963-10-23,Jessica Parker,4,Environmental poor worry responsibility product mouth easy.
8AMK8a2VKFg7,Nottingham School of Arts,"1789 Duane Forge Suite 681
New Jason, MS 89909",Lake Stevenland,Idaho,private,1986-10-30,Courtney Kline,4,Decade write red garden gas who.
ijs2ZrOVF9nh,Tranquil Valley High School,"44858 Charles Brook Apt. 287
Annestad, FM 26330",Savannahmouth,Texas,goverment,1936-11-10,Kevin Jones,4,Kitchen might world third language serious race.
8MPzApvmYj0F,Grandview High School,"27834 Mary Alley
Stephenstown, NC 20036",Trevorside,Tennessee,goverment,1917-07-06,Bryan Mckinney,4,Hear road entire scientist.
AZJQfrIep5mI,Cherry Blossom College,"48517 Bauer Motorway
Johnland, WV 21466",New Dawn,New Hampshire,private,1971-09-24,Joe Gonzalez,4,Both you last media goal cell.
qDdmIBrlRaqH,Crestmont Institute,"475 Ramirez Crescent
Laratown, IA 72431",Lake Jamestown,Connecticut,private,2017-10-24,Joshua Santos,4,Remain at safe less marriage.
mVBCwgglyQuE,Evergreen Secondary School,"285 Wilkinson Island Suite 140
West Barry, NV 20965",New Jeffreyland,New Jersey,private,1928-01-05,Seth White,4,Often concern amount across.
9dH8WQNzVtI4,Liberty Bell Academy,"1683 Bethany Islands
Hardingtown, DC 04965",New Thomasfort,New Mexico,private,1996-12-30,Martin Townsend,4,Deep seem friend none rock while fine.
nyUSWuE6aTkc,Cascade Mountain College,"PSC 7263, Box 9003
APO AA 86625",Jamesmouth,South Dakota,goverment,1984-05-13,Robert Harris,4,Environment their small would arrive.
RBQtqnbLsTti,Silver Lake Academy,"91004 Pamela Hill
North Paulburgh, WV 24851",New Matthew,Hawaii,private,1933-01-27,Daniel Ayers,4,Get country ground.
Y6grhio88fCn,Crest Hill High School,"0810 Hogan Locks
Johnsonland, VT 94959",Martinton,Michigan,private,1968-08-13,Kevin Shaw,4,Whom method manager kid brother open station.
vIZPetN2ISwn,Pinnacle Prep High School,"572 Lin Haven
Riverafort, PA 77247",South Elizabeth,Wisconsin,private,1928-03-01,Tiffany Phillips,4,Human unit parent.
Exns6l5dSxZ7,Sunflower Academy,"82908 John Coves Apt. 030
Trevinohaven, MS 55751",Davisberg,Indiana,goverment,2007-11-02,Oscar Martin,4,National hard opportunity need third enter.
eHnGTtHS1Rh1,Oakridge School,"468 Jennifer Estate
Debbietown, MI 75038",East Sarahview,Iowa,private,1994-08-15,Eric Wilson,4,Travel of plant main.
VBtxUNqlfqTb,Sun Valley Institute,"9692 Michael Coves Apt. 162
Haydenmouth, AZ 13933",Salazarland,Virginia,private,1986-10-25,Trevor Smith,4,Political house represent significant free development real.
krkL0hvdRbkh,Windy Hill Academy,"USS Keith
FPO AA 58162",New James,North Dakota,goverment,1941-05-21,Daniel Bridges,4,Even least nation.
wh2VQEOJIrvY,Mountainview Secondary School,"3043 Rollins Skyway Suite 277
Lake Bethany, VI 74113",Donaldbury,Idaho,goverment,1988-12-06,Diane Cline,4,Thus push contain add military.
h0i0GweABaOI,Greenwood High School,"842 Ryan Island
South Thomasfurt, OK 84178",South Daniellefort,Washington,private,1939-06-02,Ashley Adams,4,Kind far human actually.
i88JNqBT19OG,Summit Academy,"23374 Nolan Prairie
West Sonya, DE 00527",West Dana,Connecticut,goverment,2009-05-07,Sarah Kennedy,4,Against attack family last special until.
DTqY22CoCKgJ,Beacon Hill Charter School,"56825 Danielle Plaza
Jamesland, SD 93296",South Juanmouth,Florida,private,1969-07-04,Jessica Garrett,4,News science evidence production.
wQj1U7GEIP9p,Emerald City High School,"50560 Gregory Squares Suite 150
East Brookeborough, NM 34554",Farrellview,Nevada,goverment,1960-05-31,Ruth Little,4,Few hundred man word sport age third hope.
I3DNdDAT6KwT,Cedar Valley High School,"709 Cheyenne Branch
Ellisland, ME 31158",South Kevinchester,Vermont,goverment,1983-03-25,Susan Rodriguez,4,Worker beat main partner piece hundred.
qdYOa9S9I2sS,Meadowlark School of Excellence,"137 Barnett River
Port Tracy, WA 05362",Port Melissaville,New Jersey,private,1999-08-14,Harold Johnson,4,Every onto along small include hot.
zIwlDLLA7vRn,Cedar Creek High School,"USCGC Navarro
FPO AA 38769",Mcgrathville,Florida,goverment,1981-04-05,Joel Morris,4,Know once be trouble.
0l8MwgxvSIJG,Crestview College,"PSC 6171, Box 8257
APO AA 42498",Lake Gina,Massachusetts,goverment,1999-10-04,David Kim,4,World detail that crime focus structure set.
A1OaFpYbm86F,Shadow Mountain Institute,"3869 Armstrong Spur
New Ryantown, PA 54516",Deanfurt,Massachusetts,goverment,1918-04-01,Dr. Erin Hubbard DVM,4,Show attorney concern recently film.
7LdEa0gIpZKA,Blue Ridge High School,"19605 Bernard Turnpike
Howardborough, NJ 09889",North Holly,Vermont,private,1936-12-01,Tara Ball,4,Into school reduce bank focus per herself.
Ygn9D5HFfzAE,Starlight Secondary School,"6149 Derrick Road Suite 434
Lake Lisaland, LA 18139",Stevenmouth,Louisiana,private,2013-06-05,Virginia Glover,4,Want safe score agreement pass.
xcogIbcUIKgP,Briarwood High School,"73709 Obrien Park
Scottfurt, OR 27790",Lake Timothy,Utah,goverment,1983-08-30,Michael Phillips,4,Not you red spend various than care dream.
G6wrwySX48nB,Eastwood High School,"667 Hill Inlet
Clarkfort, MH 79637",North Wendy,New Hampshire,private,1953-01-09,Jose Harris,4,Difficult article send wife yeah again value always.
RrZVPJLQGCpH,Fox River Institute,"697 Drake Village
North Danachester, ME 60139",North Kyle,South Dakota,goverment,1973-07-06,Angela Reese,4,Last western young call.
L7DmL4K2xiKr,Maplewood High School,"PSC 5912, Box 4374
APO AP 26612",Lake Jennifer,Virginia,private,2001-04-22,Kenneth Patterson,4,Likely wait support.
6eAHzFy2DH3z,Horizon Learning Center,"USCGC Marsh
FPO AE 55231",Velezstad,Michigan,goverment,2011-09-22,Stephanie Ruiz,4,Maintain attention language clear position western question.
vfTRWsY62NYu,Crest Oaks Secondary School,"19390 Cole Plain Suite 964
Port Kathy, WA 89423",Port Troy,Nevada,goverment,1954-12-21,John Freeman,4,Over whom phone plant data.
wV9xKyn5H4g1,Southview College,"8532 Grant Pine Apt. 885
East Michael, AZ 05880",New Christian,Texas,goverment,2006-11-04,Steven Becker,4,Across simple which.
AzAt5wKZjs4I,Golden Valley School,"836 Smith Land
New Frank, NM 14371",Laurieberg,Kentucky,private,1923-09-29,Angela Lane,4,Sea somebody tough billion behavior from.
HPKuGyUSnROI,Valley Forge High School,"5804 Smith Branch Suite 926
Lake Tammy, SD 82482",Sabrinaside,Kentucky,private,2023-01-02,Benjamin Thomas,4,Attention forget today rich prepare.
5jBjXTFCFhp2,Meadowlands Secondary School,"999 Matthew Course
South Jamesside, PW 32585",New Shawnside,Alaska,goverment,1980-01-14,Heidi Jones,4,Arrive specific book.
M66nbNW70fov,Greenfield Institute,"85027 Donald Burgs Apt. 458
South Antonioville, CA 56226",East Tracy,Arkansas,goverment,1957-12-30,Tracey Diaz,4,International source range section last.
JC03oFDgIL5G,Crestwood High School,"340 Anthony Mountains Apt. 820
Mitchellhaven, IA 58773",Lake Susanfort,North Carolina,private,1908-12-07,Bradley Hunter,4,Case safe fight us.
rUjvp8E43ibw,Maple Leaf School,"831 Gregory Haven
Haleyfort, DE 55173",East Jillstad,California,private,1977-09-15,Jeffery Rodriguez,4,Left if authority interest eight follow.
xcdmek1B5CHI,Crestfield Academy,"2082 Blake Path
West Jessestad, PW 04748",East Tammybury,Illinois,private,1913-08-21,James Graves,4,Maintain never cold production culture understand.
sWUNwv0jl6jt,Rustic Pines High School,"22940 Phillips Trail
Staceyhaven, MP 97793",New Brandi,Tennessee,goverment,2006-08-23,Cheyenne Burke,4,Evidence give generation bank set.
cwuvMOBSqbpB,Westside Preparatory School,"74744 Martin Spring
West Katelyn, IN 66205",West Melinda,Indiana,private,1977-12-27,Tony Cortez,4,And many concern choose goal project me none.
F4ZyHqLXRZEE,Springfield Academy,"78885 Brown Summit Apt. 623
East Angela, NY 84842",South Barbara,Connecticut,goverment,1980-05-30,Crystal White,4,Mean fall floor any lead hair various society.
8Q0PaPI2Am1h,Sunset Ridge Academy,"10291 Garcia Light Apt. 239
Brentton, WY 43016",South Shawna,Missouri,goverment,1975-04-27,Anna Long,4,Glass memory responsibility quite.
H9JAAKQPOkYj,Silver Stream High School,"899 Joshua Center Suite 576
South Gregory, TN 61456",Roberttown,Alabama,goverment,1986-03-13,Craig Richardson,4,Institution apply computer.
Yb3mtF9Xx7B8,Seaside Preparatory School,"444 Craig Spurs Apt. 696
Debraview, NC 01545",Garymouth,Wisconsin,goverment,1992-07-24,Cynthia Butler,4,Land box dinner.
WLUNDgOKjXoY,Oakridge High School,"0904 Michael Mills
New Corey, KY 33098",Shieldsfurt,Tennessee,goverment,1909-06-11,Michelle Brown,4,All beautiful evening.
oSmwcrx735OU,Oceanview Academy,"9266 Nicole Mountain
South Tina, SC 56388",Juantown,Idaho,private,1968-01-12,Stacy Jones,4,Try group heavy despite air avoid worker local.
a3aV6q5eQBrv,Bright Future Academy,"44676 Michael Trafficway Suite 385
Lake Linda, KS 85735",North Zachary,New York,goverment,1941-06-28,Joseph Ramirez,4,Seven do with majority.
DHnGL27qIM4k,Crystal Springs School,"84066 Gary Common
New Danielle, PR 28703",Hunterland,Illinois,goverment,1926-05-06,Leslie Bauer,4,Reduce organization determine majority most avoid hit.
5tpJ2C1b6hn1,Shady Grove High School,"32435 Johnson Manor Apt. 668
Mullinsfort, SC 99041",Donnaton,Colorado,private,1957-09-04,Nathaniel Levy,4,Tell trade size according forget.
U7G8YOIegWa2,Crestfield Collegiate School,"USNS Herring
FPO AP 30821",Gutierrezport,Indiana,private,2000-08-05,Andres Lamb,4,Particular specific thousand research their though investment.
gOqBXrQdA3WD,Desert Sands Academy,"6453 Crystal River
Bartonside, AZ 36753",West Jeffreyhaven,Montana,goverment,1919-05-01,Jill Chapman,4,Blood prepare inside tree outside north.
PuHkiq6UM6gm,Harborview Academy,"826 Benjamin Branch Apt. 853
Port Jessicachester, CA 92422",Jeffreyland,Michigan,goverment,1933-06-06,Christopher King,4,Firm crime heart including morning region.
9qGjQ7uweP2F,Crestview Academy,"003 Mckinney Port Apt. 961
Coxmouth, AL 22946",West Lisa,Arkansas,private,1977-11-02,Jessica Castillo,4,Mention work they impact heavy.
Ap5Ac5QKXA9T,New Horizons High School,"581 Brown Summit Apt. 226
West Regina, ND 89578",Johnmouth,Illinois,private,2000-08-23,John Johnson,4,Tell important every conference.
f9bNKo5OS6WF,Crest Point Academy,"504 Vincent Prairie Apt. 230
Marktown, KY 87903",East Brendabury,Wisconsin,private,2023-10-07,Ashley Mathews,4,Miss economic production attention.
HzYQpaIYrF8c,Stonemont School,"649 Nicholas Meadows Apt. 955
North Patrickshire, NV 30979",Port Kristin,Indiana,goverment,1990-09-20,Amber Logan,4,Produce city work name.
FaYyq5Qt8Fz1,Silver Sage Academy,"USNS Mendez
FPO AA 88015",East Brookehaven,Oregon,private,1910-05-09,Lawrence Williams,4,Machine establish design.
iZBlWxo1a4dw,Crest Lake Academy,"Unit 1631 Box 1380
DPO AP 32392",New Cristinatown,Rhode Island,private,1982-09-06,Garrett Wright,4,Apply water movement simple develop.
U0NSbbehzJSS,Hillside School for Excellence,"965 Patterson Mission
Robinsontown, NV 18300",New Terri,Wyoming,private,1971-06-09,Kellie Bishop,4,Everybody analysis though available.
2MAeX2UnUX63,Heritage Grove Academy,"9025 Ramos Plaza
Rogerberg, ND 45780",East Joseph,Pennsylvania,private,1961-12-18,Kathryn Anderson,4,Specific well even themselves appear.
vDV8AodWiwgp,Bayview High School,"PSC 3404, Box 2807
APO AP 84133",Port Michaelview,West Virginia,goverment,1983-05-10,Willie Gibbs,4,Actually see money at stop none.
ACNT46GXIOpw,Blue Ridge Academy,"3489 Peterson Dale Apt. 944
North Brianbury, NC 11818",New Josephchester,Minnesota,private,1915-06-16,Dawn Cooper,4,Base use alone and floor sea decision.
rZ4bmbi5ye40,Starview College,"6792 Lori Turnpike Suite 851
Kristiehaven, ME 36705",Lake Colemouth,Montana,private,1920-01-03,Melanie White,4,Movie important say.
Jca8UM58dlUl,Rising Star High School,"897 Andrews Springs
Youngchester, OR 55401",West Monica,Maine,goverment,1909-02-06,Max Williams,4,Pass several arm organization race try.
0yO6mR4qK8tU,Autumn Ridge Institute,"877 Walker Ways
Lisahaven, MI 99376",North Amystad,Iowa,private,2012-02-11,Jonathan Gibbs,4,Key look couple fine Mrs pretty citizen.
5FVMqJ8ZvMae,Pacific Crest College,"26652 Thomas Centers
Gutierrezburgh, MT 29657",East Crystal,New York,private,2009-07-21,Miranda Spencer,4,Benefit member race no would training.
Oddlqc7wJSYW,Golden Gate Academy,"387 Bob Haven
Fordton, LA 10370",North Kyleland,Iowa,private,1968-04-19,Kristen Moss,4,Very indeed for leader answer thank.
nJPdDc4SSdj9,Arbor Hill Secondary School,"3521 Charles Lodge
East Troyport, VI 42856",Lake Heidifort,Alabama,private,1924-05-19,Emily Flores,4,Would maintain finally figure issue letter budget.
UmGFsEssKMAx,Riverside College,"55823 Jones Unions
Port Scott, SC 24217",New Candicebury,Vermont,goverment,1937-09-01,Tiffany Gomez,4,Central everything stop season behavior.
vjSxzNPHzKHT,Meadowbrook School,"PSC 9619, Box 4546
APO AE 95389",Jasonburgh,Delaware,goverment,1968-02-10,Terry Fox,4,Free possible series take get her build.
JBYBNq8jC3In,Northeast High School,"913 John Streets Suite 441
North Kimberly, MH 84505",West John,Utah,private,1990-07-02,Kimberly Zamora,4,Hair cost low white guy general perhaps.
KlNlr4JWJLjB,Sunnybrook High School,"Unit 1260 Box 6470
DPO AE 23895",Diazberg,Tennessee,private,1965-08-12,Catherine Browning,4,Science woman store continue sister body pass.
LEt0mMzpAiMc,Noble Heights High School,"091 Christina Wall Apt. 840
New Aaron, AK 73355",Bryanbury,Pennsylvania,goverment,1978-07-23,Edwin Rice,4,She choice then standard.
yZWWODn4W80e,Prairie View Academy,"249 Collins Camp
Montgomeryland, VT 29835",South Jesse,Rhode Island,private,1985-01-29,Nicholas Oconnor,4,Laugh order for.
z223jrJe8MCu,Cardinal Heights High School,"8405 Young Crossing Apt. 096
Anitaberg, NY 57046",Stacyberg,Rhode Island,goverment,2009-03-05,Felicia Wood,4,Suffer physical heart gas final.
bCFtxNOGbJH2,Brookstone Institute,"709 Grant Locks
Barneston, NY 65078",Johnton,Mississippi,private,1941-10-10,Andrew Blanchard,4,So meet drop best hard financial under.
8mbMJdP4rUtD,Fairview Secondary School,"7983 Joseph Field
Zacharymouth, OH 95558",West Briannaland,Utah,private,2003-01-20,Gregory Nichols,4,Cell whom true score run.
8T7Lo4HRVnYI,Parkview High School,"1573 James Wall
Port Nicole, PR 91037",East Nicholas,Georgia,private,1930-07-20,Mike White,4,Generation across ask into main success lay one.
XJUB568A9bVX,Green Valley Institute,"3218 Melendez Corners
Port Michael, MH 56429",Port Frances,Louisiana,goverment,1917-01-27,Nicholas Johnson,4,Reality fall provide economy public eye sure art.
WHAlrzfmyegw,Liberty Oak School,"38215 Patel Burgs
Joshuafurt, AK 35866",Lake Bethburgh,New Hampshire,goverment,1998-08-12,Taylor James,4,Single resource position no network bed.
TbcHMqmq9hlz,Pine Valley Institute,"804 Garcia Rest
East Sara, NY 48763",New Alexanderside,North Carolina,goverment,2017-05-01,Austin Summers,4,Bank memory traditional business.
doQnAWZNU7xe,Willow Creek Academy,"43450 Patton Underpass Suite 636
Cathyview, HI 50699",Michaelton,Pennsylvania,goverment,1952-02-13,Tammy Hernandez,4,Send never thank right.
igze8Y9RygFN,Starcrest Academy,"77901 Anthony Garden
New Lisa, CO 92196",Diazshire,Connecticut,goverment,1942-07-15,William Glass,4,Player could check customer Congress several.
6zExCDYglxiW,Twilight Institute,"09729 Michael Divide
New Charles, VT 84036",North Melanie,Wisconsin,private,1977-11-05,Julia Harris,4,Perhaps create way area wrong place save.
M46m4SLuOnJR,Silver Birch School,"19817 Tina Stream
West Albertland, MN 57465",Port Jeffrey,Florida,private,2024-04-18,Ronald Brown,4,Modern letter husband.
eqDsWnzba2Qs,Crest River School,"2516 James Ranch
Jonesfort, DE 64005",New Cherylville,Hawaii,goverment,1944-06-18,Nathan Ward PhD,4,Building suffer here.
