id,name,graduation_date
1CFdXNdb5w9t,Champions of Tomorrow,1995-03-09
aO4Ya4yFWQCg,Trailblazing Generations,1920-06-16
gF8ADIO1z49F,Batch of Never-Ending Possibilities,1999-05-12
8GemHWOjLrZK,Batch of Unseen Horizons,1921-01-23
gzeANuMieRAO,Batch of Unstoppable Ambitions,1916-05-17
Ri7WkD6QEsyD,The Spark of Innovation,2018-02-03
3kwABdRh0x1U,Class of Trailblazing Minds,2023-10-28
lgLzl5oN48mG,Batch of Intellectual Giants,1977-05-30
Lb69mxHJ09sp,Batch of Unseen Possibilities,1942-02-19
X10NpepGzFGJ,Daring Dreamers,2005-05-04
Cv6tnEoXfhju,Class of Boundless Futures,1932-02-12
7JTZALu19GCC,The Horizon Seekers,2002-04-01
eJ5la6lLSuV1,Batch of Excellence and Beyond,2017-04-12
gDOH8kOqpfDS,The Masterminds of Tomorrow,1949-12-29
kyB2afBq5fcw,The Courageous Scholars,1923-09-30
Jh0qntnksMBT,The Pioneering Scholars,1944-10-28
q3DGRbQD9B42,Minds That Move Mountains,1920-03-24
5hOKqaaGF8Ad,The Bright Future Makers,1987-11-14
nQP27Xe0iRU7,Batch of Unseen Horizons,1989-01-26
jDLpQqlBrrsv,Batch of Visionary Success,1985-02-11
Ei2TdIh2UTKC,The Visionaries,2002-09-11
iaiILSjJMHSH,Class of Endless Horizons,1931-01-16
qz5qQsCw2Azj,Batch of Inspiration,1979-04-22
x7qERboC47Yy,The Rising Mavericks,2005-09-11
IegGGlRxn5xV,Batch of Achieving Legends,2005-01-13
ViRoE58qh2Ne,Batch of Infinite Potential,1996-07-22
VLZZ3X74NVhZ,The Bright Horizon,2011-04-20
hCHt8Wyoo1Cr,The Bright Horizon,1932-07-24
fK64YPUCDpSh,Daring Dreamers,1915-11-12
q1hHy0TzUz4K,Batch of Defining Moments,1952-10-12
JWXKB3yp1ZAC,Batch of Fearless Visionaries,1956-09-01
Uxv4yKarChrR,Future Shapers,2000-12-01
QUiXDT3qlJcP,Unlimited Potential,1979-11-20
hzN8pLtF3ry8,Batch of Fearless Visionaries,1917-07-20
cE7F41efmf1N,Class of Triumph,1990-10-30
wpG7IAF7HpeQ,Batch of Transformative Thinkers,1943-04-06
rmnzDVvn3rQI,The Catalyst Class,1910-06-21
U4u6VTEB8anb,Batch of Excellence,1973-09-05
rQLrP8htouyz,Innovators for Change,2018-03-29
Zuoe9JvvLdS3,Batch of Unmatched Vision,1977-01-03
MgNYR4xsduYX,Innovators for Change,1975-07-23
JwpGDByklj5o,Elite Innovators,1966-12-10
d3aJTs8h2ZTW,Batch of Boundless Potential,1962-08-14
TWYCQVmclRzx,Batch of World Changers,1990-08-28
ypEIOooXgDI3,The Courageous Scholars,1921-07-21
abSIJa0cD4Vs,Batch of Unmatched Vision,1921-03-27
RRZqkyjtMXdj,The Builders of Tomorrow,1918-06-22
PCeCi0RbespP,Excellence in Motion,1965-11-10
kgWIOISn1y4F,Batch of Limitless Ambition,1977-03-23
BeIeVWhrh1G9,Bold Innovators,1997-04-04
MeTUA5RzCs1w,The Visionaries,2007-08-26
Mvk1f1d6YoNq,The Fearless Leaders,1921-10-24
KG6NcpB4vmWD,The Rising Icons,2016-02-08
03oMXrmMMgGz,The Dreamers and Doers,2014-06-04
8vTx6jqrXSUQ,Daring Dreamers,1931-07-07
2XjEHEqU3bB3,The Rise of New Frontiers,1983-06-30
a0RQK9FPUcfk,Class of Excellence and Grace,1942-01-16
lq5OJXCzOx6f,Class of Visionary Excellence,1936-02-26
ObkKVyOTL4y4,Bold Innovators,1956-06-12
c7Zc8nho5Lmf,Batch of Bright Futures,1942-05-30
SEZ5ltqjIN3V,Future Game Changers,1951-05-15
IcAKPRnpsA2d,Batch of Visionary Leaders,1969-10-27
gbXIiO9j2fg4,Batch of Groundbreaking Achievements,2021-06-01
EqRSD774GV6K,The Horizon Seekers,1985-05-22
YZ09YAd9ptHv,Batch of Unmatched Ambition,1980-01-28
uPG4GzLCBA46,Next-Level Thinkers,1929-10-17
7qDL2L8rVcZq,Visionaries of the Future,1952-02-03
nJXsOUC1OJdY,Unconquered Minds,2012-01-10
X38bANgHEmw4,Batch of Excellence and Beyond,2006-04-10
cNnEkNH3B61B,Legends in the Making,1960-10-28
c7QCXLBWXhUA,Batch of Limitless Achievements,1963-01-30
Fibc83c76s3s,Batch of Excellence in Action,1947-04-03
5M4iIROHB2HJ,Unlimited Potential,2013-02-22
SQ3fSM6YNNg7,Batch of Infinite Potential,1940-05-15
XHYBVcIUcANE,Batch of Next-Gen Achievers,1957-08-10
rBVweWuOMYU1,Future Game Changers,1966-06-30
0cbUupR5q4fa,Batch of Excellence,1948-12-29
CqZPJoj7nYaS,The Unbreakable Batch,1944-12-04
IYuEwKCYMy41,Batch of Bright Futures,1932-11-01
nelgROchyRoQ,Daring to Dream,2022-03-26
7FkTue3BGF3p,Trailblazers of Success,2010-10-14
paSBrvbtXGSU,Class of Unyielding Success,1999-09-02
q8gh9OXrLBxB,Unconquered Minds,1914-08-31
C0zbpNpbi1Pi,Batch of Unstoppable Success,1956-08-10
nQWeZE7fIvJf,Trailblazers for Change,2004-03-04
K4zNgShYUlcu,Class of New Beginnings,1913-05-24
Y74ZYbWMPwd5,Class of Vision and Achievement,1989-11-09
RjT34s5hoBRy,The Game Changers,1947-05-31
pEjobhMPB2Bi,Elite Innovators,1970-12-02
hsWXF2ISkrcq,Batch of Unwavering Vision,1919-02-21
4MHFP8M20Eki,Class of Infinite Possibilities,1993-05-08
JBM3CsdWnFxZ,Batch of Fearless Achievers,2006-04-20
4IjaLT8A4uub,Batch of New Possibilities,1976-05-06
e8VyKwRcLFTh,The Powerhouse Collective,1953-10-04
77MLLjg2vEVY,Trailblazing Generations,1974-08-16
1R3Y35FnyOyd,Rising Stars of 2024,2022-04-17
r4rZaKUnerBt,Scholars of Transformation,1975-09-13
fcIwrp8R5qRB,Batch of Resilient Minds,1924-12-30
MkRrVglMGSe5,Batch of Unstoppable Courage,1995-12-10
8cvFeMbJPmUh,Limitless Aspirations,1939-07-10
TEUUDqTTiIr2,Innovators of New Realms,1959-05-23
Hs2wCe5FjZVv,Batch of Fearless Visionaries,2006-07-02
vTOAPt1y38v5,Leaders of Tomorrow,1988-01-09
ocCWkpNTiepa,Class of Unseen Possibilities,1931-12-25
x9ZyorRGzTbC,Class of Excellence and Grace,1965-09-03
GeK7wbN2D7nO,The Disruptors,1933-08-25
G258f9AUsOBj,Future Leaders Collective,1937-07-12
rMMJV93IVdz4,The Fearless Leaders,1941-04-06
yHgwLst0ZAID,Class of Empowering Change,1976-01-19
IWhRJ1MhmIpD,Batch of Change-Makers,2017-01-01
5rvgRyQbXO4h,The Bold Visionaries,1977-11-20
nUmsX9W7NrIM,Minds of Tomorrow,1960-05-21
Inw61vbPjHzu,Futures in Motion,2002-04-10
qxj5eL37YrMI,Trailblazers of Change,1996-08-27
zhNXlLzBUHDx,Trailblazers 2024,1973-11-05
fSzkvuiOJbPU,Batch of the Bold and Brave,1931-09-02
G8eb2MUcg7Rm,Batch of Powerful Achievements,1945-05-04
4XoHXUIwcYWc,Legends in the Making,1983-07-06
K5JSoQ7cKgiG,Class of Unstoppable Dreams,1909-03-06
vHEraRiEcFPq,Pathfinders of Tomorrow,2024-01-29
b3CilBGZL5iU,Batch of Unwavering Vision,1948-07-24
DIJVbXawwSt8,Trailblazing Generations,1984-10-02
LaVtJ0RSd1Yw,The Vanguard Scholars,1930-11-03
3Hs1PlLenArs,Elite Innovators,1992-07-20
bUZYtNvnXRgp,The Groundbreaking Generation,1909-02-27
gT7fKI48bvAn,Class of Unyielding Success,1950-04-15
W68HU2Jgsu2w,Class of Empowering Change,1961-11-05
N8Zxcc4XAiic,Future Groundbreakers,1967-07-27
agwMMbYuEaUd,The Achievers,1999-01-23
Zr5gfl26uWar,Pathfinders of Tomorrow,1987-03-01
ysukQY1JqHLO,Batch of Excellence in Action,1939-02-22
7285gWMG0qJ7,Batch of Visionaries and Dreamers,2003-01-16
dLw7Ad2GNsv1,The Rising Icons,1999-04-07
TKo7czrbyGp6,Class of Excellence and Grace,1965-04-06
2X8PJXWXzcSc,Daring to Dream,1965-11-08
qUBisvUC9Q86,Minds That Move Mountains,1940-05-11
D5p47U5XHIog,Class of Innovation,1983-04-11
dY7rnfBgqNVG,Champions of Tomorrow,1948-08-17
FtEe70fEhm4Y,The Rising Scholars,1953-01-15
ksRIKvCSykk0,Batch of Visionaries and Dreamers,1974-01-21
wd4bVhho6nV4,Trailblazing Generations,1911-05-23
Oz95zq9JGoh1,Pioneers of Progress,1912-10-09
u2GtSz922Yyk,The Rising Scholars,1958-01-08
3iGYHU2kKUJi,Class of Fearless Innovators,1921-11-09
E37EGjWfQYz4,Batch of Brilliance,2001-02-26
KGtHcbMSoA39,Future Architects of Change,2014-10-04
sRTG5aAJ1xHz,Future Game Changers,1945-02-08
vzoyVGKlDpP3,The Bright Innovators,1945-05-16
jvt0UwYnaKrO,Class of Relentless Pursuit,1989-02-05
9IwFUEzq3CxB,Batch of Defining Moments,1912-04-09
7OpuUcLkVTni,Batch of Limitless Aspirations,1976-03-26
csGRnyhNiy8P,Batch of Pioneering Success,1915-10-31
zS2EBLrB4Xx5,The Creators of Tomorrow,1934-06-03
gT3AVtD9LUSc,Future Visionaries and Leaders,2000-11-15
5OcysUHBtu38,Dreamers to Leaders,1962-11-23
XK49LeTUocC3,Futures in Motion,1910-03-31
7arOgD2hOKQy,Minds of Tomorrow,1949-10-31
kw4H7xXLEjjU,Batch of Boundless Success,1961-11-06
IRYAaqa1h6g7,Batch of Change-Makers,2007-01-31
kXJPW2pgdt9f,Minds of Tomorrow,1992-05-01
PQ3bpSaGrR0H,Batch of Transformative Thinkers,2016-10-23
VuRbaS6kpDjp,Scholars of Transformation,1935-11-22
TMEyTRNEwLYC,The Excellence Seekers,1966-08-28
HaYsdnOljPzg,Batch of Fearless Futures,1972-02-24
uEwQRPUgQ9YE,Batch of Boundless Potential,2015-04-14
Qs4mfvYgINCw,Batch of Bold Achievements,1937-07-14
1v0xxHNYPDgt,Batch of Boundless Potential,2011-05-31
GJ2ls3Fvh1ko,The Dream Achievers,1936-04-29
xaGmrXZL4kEl,Batch of Breakthrough Minds,1948-05-11
YExNnznlGHK6,Class of Infinite Possibilities,1928-11-03
pwWvYSKHLwIC,The Renaissance Scholars,1990-07-13
q1gVhDwF6NXk,Future Builders,1924-03-27
lapGJDmNsCJ6,Limitless Visionaries,1912-02-14
zJxDnheki8g5,Batch of Limitless Achievements,1950-07-29
l8SbvwEzDlZu,Batch of Limitless Creativity,1998-04-07
TBkiQjHc67RC,Next-Gen Champions,1964-02-08
BgROFeQ66VHP,Class of Empowerment,2005-04-29
IJ31nJOaIA7o,Future Builders,2010-03-11
OAexzHvMwPSI,Innovative Minds,1946-09-20
2we9phrMOC69,The Powerhouse Collective,1972-02-13
jRbdMAOqJqEo,Batch of Intellectual Giants,2010-05-13
e0qcDeYn0cNz,Innovators Without Borders,1920-04-08
3x7g3kk32v4i,Visionaries of the Future,1914-07-08
HlZEKpfhs4BL,The Empowered Scholars,1979-08-14
N71JYEIMNRVX,Batch of Boundless Potential,1999-09-21
TXumaeEW1Q2c,The Architects of Change,2000-08-23
Bznpbx5mxu97,The Fearless Dreamers,1919-11-30
K8Dq0UPPgWlZ,Class of Breakthrough Achievements,1993-02-08
xR4oQXl9x0PU,Batch of Next-Gen Achievers,1938-03-21
eJ7d3oUYc61k,Visionaries of the Future,1989-06-16
zW7KnxthE3XJ,Batch of Bold Achievements,1922-11-16
VHVUSV63pg9Z,Next-Level Visionaries,1980-01-01
LGn6k9Xaph02,The Empowered Class,1988-09-02
kHyOnLGiDNtS,Batch of Fearless Pursuits,1946-06-30
MG9hQjv20u3q,Unlimited Potential,2009-10-26
Y2saNNNIT8o0,Class of Unyielding Success,2001-08-08
CrPTThFRErdt,Minds That Move Mountains,1992-06-11
CjlReXPWYTXt,The Achievers,1954-01-19
jG8x6eFWevMc,Class of Relentless Pursuit,2016-09-26
X3mIKYgrJqAR,Batch of Fearless Pursuits,1942-01-29
Nuo91GLPczxK,Unconquered Minds,2001-11-14
4buEuG2qukl4,Rising Stars of Excellence,1939-07-10
zSsKaCkU6sii,Batch of Champions,1939-11-28
KuiQzO5VYC0a,The Striving Scholars,1942-12-28
RNFvLaTk4HM5,Batch of Infinite Ambitions,1953-01-09
HovZfoMGWYeG,Class of Boundless Futures,1919-06-20
rRYXTtnUGiqA,Innovators of Progress,1944-06-16
CpTi5OOTpYKN,Future Leaders Collective,1969-12-11
7TSVXe9PrDBz,Batch of Fearless Dreamers,1924-08-13
e9W5IKnblnr8,Batch of Fearless Futures,1919-06-18
z0LbWMgatEDX,Champions of Tomorrow,1954-03-22
46pPy2Kro928,Batch of Groundbreaking Achievements,1999-03-19
zY5zjls20jxE,Batch of New Horizons,2013-04-12
aaHCnEzWaiG4,Bridges to Tomorrow,1972-03-27
cnMQy6oo99vp,Class of Daring Futures,1918-11-09
dZbt6nurqMuR,The Achieving Collective,1921-02-13
bgpEjSB23FVy,Batch of Fearless Visionaries,1967-08-06
hYYcsejlK6yY,The Pioneering Scholars,2001-09-10
7QC3va39DJ88,The Revolutionary Achievers,1997-08-14
pSgLSUri2m1u,Batch of Unmatched Ambition,1910-05-03
vK4CwabZ0fjW,Batch of Limitless Creativity,1974-08-11
Q1miGsJVJCxs,The Rise of New Frontiers,1971-04-21
Z1GiG3W1E4zx,Batch of Pioneering Success,1957-05-25
nUld1Ap7WZ4s,Next-Level Visionaries,1956-12-04
4HuTnZD1nQKI,The Bright Innovators,1979-09-01
6gthUEE9xlXQ,The Builders of Tomorrow,1923-07-02
xMIxIEwF2rAd,Future Shapers,1992-10-05
FCEvr4uXSXTu,Batch of Achieving Legends,1911-08-25
mqMAh9Eve4dk,Batch of Visionary Leaders,1959-06-06
KAPGOACJnyjy,Bridges to Tomorrow,1958-05-02
wLzG1MPxTXd3,The Revolutionary Achievers,1945-03-04
WHaJAhhSAEOq,Future Visionaries and Leaders,1952-03-20
SqusAT2z6Ah3,Trailblazing Titans,2000-03-22
yFrLufHnOu4E,Batch of Breakthrough Minds,1919-07-19
IfyOTFfwPXhP,Class of Trailblazing Minds,1982-11-01
25R8s5F9436o,Batch of World Changers,1921-01-04
GXWQtfVVKstU,Batch of Unyielding Determination,1929-01-24
SPd4LUxZrSI9,Rising Stars of 2024,2011-04-30
3FVM6BX8euYK,Class of Pioneering Leaders,1957-08-06
8Sw6CM2MaewR,Batch of Defining Moments,1916-11-10
BmfojuxQfCLQ,Class of Trailblazing Minds,1967-08-11
wq0vB6gowstQ,Innovative Minds,2015-03-21
LUP8QYzcnnFi,Future Leaders Collective,1990-03-10
ruT0TdwquGXA,Trailblazing Thinkers,1999-02-26
EgZDGLCu1gnD,Class of Triumph,1968-03-21
XteB5PV5j9cw,Innovators of New Realms,1993-09-23
KJ5iSvGZCZK9,Batch of Unstoppable Courage,1991-10-14
9ljHWXVwf8e8,The Spark of Innovation,2019-10-10
afAUkMpkIzZg,Batch of Epic Achievements,1944-04-05
wKFRoy40rMFR,Courageous Creators,1936-09-05
